Supplemental Table 2:  Old vs young brain and muscle nuclei proteins,,,,
Uniprot ID,Gene name,Protein name,log2 fold change,-log 10 t.test
P43276,Hist1h1b,Histone H1.5,-0.744358388,0.38614238
Q70IV5,Synm,Synemin,-0.646755174,0.636464521
P05202,Got2,"Aspartate aminotransferase, mitochondrial",-0.218392522,0.084815388
P11087,Col1a1,Collagen alpha-1(I) chain,0.55525808,0.483399816
A2AQB2,Neb,"Isoform of E9Q1W3, Protein Neb",0.241703019,0.1377809
Q64475,Hist1h2bb,Histone H2B type 1-B,-0.748574431,0.509450272
P10854,Hist1h2bm,Histone H2B type 1-M,-3.403703019,2.945738886
A0A0G2JDW2,Myl3,"Isoform of P09542, Myosin light chain 3",0.309232539,0.318979543
Q6PIC6,Atp1a3,Sodium/potassium-transporting ATPase subunit alpha-3,0.265949242,0.054273419
Q9D2U9,Hist3h2ba,Histone H2B type 3-A,0.551328946,0.489989598
P08249,Mdh2,"Malate dehydrogenase, mitochondrial",0.891082659,0.193595109
O54941,Smarce1,SWI/SNF-related matrix-associated actin-dependent regulator of chromatin subfamily E member 1,0.468214816,0.85640102
E9Q1W3,Neb,Protein Neb,-0.092744206,0.042246453
P21107,Tpm3,Tropomyosin alpha-3 chain,0.227867844,0.171515421
Q9QZ47,Tnnt3,"Troponin T, fast skeletal muscle",0.137363802,0.051012857
P63038,Hspd1,"60 kDa heat shock protein, mitochondrial",0.801936794,0.223813954
Q99KI0,Aco2,"Aconitate hydratase, mitochondrial",1.087956384,0.293163312
Q91XV3,Basp1,Brain acid soluble protein 1,0.377860675,0.103797087
P49813,Tmod1,Tropomodulin-1,-0.092861243,0.093522262
Q8C494,Prr33,Proline-rich protein 33,0.790611235,0.537592428
Q9D6R2,Idh3a,"Isocitrate dehydrogenase [NAD] subunit alpha, mitochondrial",-0.622529802,0.237087872
Q9D9P1,Chchd3,"Isoform of Q9CRB9, MICOS complex subunit Mic19",0.555892023,0.431321149
P47754,Capza2,F-actin-capping protein subunit alpha-2,0.194713481,0.151654782
P45591,Cfl2,Cofilin-2,0.021880735,0.002607095
P62242,Rps8,40S ribosomal protein S8,0.037349306,0.028659875
Q9QZ47,Tnnt3,"Troponin T, fast skeletal muscle",-0.112554562,0.110303958
A2AUC9,Klhl41,Kelch-like protein 41,0.023980026,0.019487849
Q7TMM9,Tubb2a,Tubulin beta-2A chain,-0.224299652,0.136390256
O70548,Tcap,Telethonin,-0.275210805,0.48689631
P70333,Hnrnph2,Heterogeneous nuclear ribonucleoprotein H2,0.465848724,0.366515278
P08553,Nefm,Neurofilament medium polypeptide,-0.730899449,0.323346158
P11031,Sub1,Activated RNA polymerase II transcriptional coactivator p15,0.436256787,0.806649917
Q01149,Col1a2,Collagen alpha-2(I) chain,0.059423934,0.048581124
P58774,Tpm2,Tropomyosin beta chain,-0.451522118,0.19875022
Q3TJD7,Pdlim7,PDZ and LIM domain protein 7,1.150113277,0.965004044
Q9CQR2,Rps21,40S ribosomal protein S21,-0.125478,0.165973353
Q9ESU6,Brd4,Bromodomain-containing protein 4,-0.064018706,0.052158112
Q8CHH9,8-Sep,Septin-8,0.676636698,0.192962161
G3UW82,Myh2,"MCG140437, isoform CRA_d",-0.120059579,0.071371903
P68368,Tuba4a,Tubulin alpha-4A chain,0.129933973,0.055214872
Q5SX40,Myh1,Myosin-1,-0.140978266,0.079785163
P13542,Myh8,Myosin-8,-0.04128623,0.005017283
D3YU08,Synpo2l,"Isoform of Q8BWB1, Synaptopodin 2-like protein",-0.239117567,0.501538683
Q9D7M8,Polr2d,DNA-directed RNA polymerase II subunit RPB4,-0.258097108,0.346114331
Q9DB77,Uqcrc2,"Cytochrome b-c1 complex subunit 2, mitochondrial",0.351066049,0.113065063
P62627,Dynlrb1,Dynein light chain roadblock-type 1,0.628435908,0.346194764
Q3TWW8,Srsf6,Serine/arginine-rich splicing factor 6,0.1779409,0.17510306
Q5SFM8,Rbm27,RNA-binding protein 27,0.395559992,0.289698872
Q9DC77,Smpx,Small muscular protein,-0.323230559,0.385789314
Q8BMS1,Hadha,"Trifunctional enzyme subunit alpha, mitochondrial",-0.35141425,0.437226252
P14602,Hspb1,Heat shock protein beta-1,-0.155711577,0.134841964
P51667,Myl2,"Myosin regulatory light chain 2, ventricular/cardiac muscle isoform",-0.19191628,0.222020223
Q91VD9,Ndufs1,"NADH-ubiquinone oxidoreductase 75 kDa subunit, mitochondrial",0.006370311,0.000855413
P62204,Calm1,Calmodulin,-1.38241011,0.71948479
Q9JK37,Myoz1,Myozenin-1,0.316808912,0.210032522
E9Q3W4,Plec,"Isoform of Q9QXS1, Plectin",0.644546224,0.673913098
P05977,Myl1,"Myosin light chain 1/3, skeletal muscle isoform",-0.61490378,0.265602023
E0CX65,Sirpa,"Isoform of P97797, Tyrosine-protein phosphatase non-receptor type substrate 1",-0.278220231,0.131291338
Q8R4R6,Nup35,Nucleoporin NUP53,0.44046857,0.540591087
P50396,Gdi1,Rab GDP dissociation inhibitor alpha,-0.457319956,0.208232702
P47757,Capzb,F-actin-capping protein subunit beta,1.400797814,0.557533404
Q9CPW7,Zmat2,Zinc finger matrin-type protein 2,0.788611383,0.522093567
P32848,Pvalb,Parvalbumin alpha,-0.304939088,0.205186997
Q64433,Hspe1,"10 kDa heat shock protein, mitochondrial",-0.842929907,0.456086584
P97457,Mylpf,"Myosin regulatory light chain 2, skeletal muscle isoform",0.093177311,0.040427174
Q9D6J6,Ndufv2,"NADH dehydrogenase [ubiquinone] flavoprotein 2, mitochondrial",0.223936822,0.135384914
Q501J6,Ddx17,Probable ATP-dependent RNA helicase DDX17,0.093489983,0.133095819
P19123,Tnnc1,"Troponin C, slow skeletal and cardiac muscles",0.007379438,0.005502764
S4R2F3,Ank2,"Isoform of Q8C8R3, Ankyrin-2",-0.575664019,0.50616458
Q9D3R8,Ifitm7,"Isoform of G3X9Z2, Interferon induced transmembrane protein 7",-0.159302764,0.223525522
B1AWE0,Clta,"Isoform of O08585, Clathrin light chain A",-0.387072405,0.147887711
P15105,Glul,Glutamine synthetase,0.427919234,0.468449118
E9Q557,Dsp,Desmoplakin,-0.299731067,0.152609455
Q9JKS4,Ldb3,LIM domain-binding protein 3,-0.344420229,0.124680243
A0A023T672,RBM8,"Isoform of Q9CWZ3, RNA-binding protein 8A",-0.345326366,0.326818285
P63101,Ywhaz,14-3-3 protein zeta/delta,0.432100211,0.116076128
P58771,Tpm1,Tropomyosin alpha-1 chain,-0.655730434,0.204987766
A2AAJ9,Obscn,Obscurin,-0.139486412,0.130066795
P13412,Tnni2,"Troponin I, fast skeletal muscle",-0.965545773,0.912543801
A2AFJ1,Rbbp7,"Isoform of Q60973, Histone-binding protein RBBP7",-0.32368691,0.269620456
Q8R326,Pspc1,Paraspeckle component 1,0.351539801,0.358330634
Q9D1R9,Rpl34,60S ribosomal protein L34,-0.666379758,0.625705653
B7ZNL3,Tpm1,"Isoform of P58771, Tpm1 protein",-0.054331106,0.02748931
P63213,Gng2,Guanine nucleotide-binding protein G(I)/G(S)/G(O) subunit gamma-2,0.849485562,0.436089144
P51637,Cav3,Caveolin-3,-0.322527097,0.779703969
Q9D554,Sf3a3,Splicing factor 3A subunit 3,0.810618589,0.564682712
Q8K4Z5,Sf3a1,Splicing factor 3A subunit 1,0.312630757,0.211518767
O88990,Actn3,Alpha-actinin-3,0.47601938,0.211990825
P11499,Hsp90ab1,Heat shock protein HSP 90-beta,-0.286217726,0.115705786
Q91Z83,Myh7,Myosin-7,0.351480708,0.381718916
A2A6J0,Tnnt3,"Isoform of Q9QZ47, Troponin T, fast skeletal muscle",-0.046296508,0.057833099
Q9JKN6,Nova1,RNA-binding protein Nova-1,0.35018108,0.372039146
P62754,Rps6,40S ribosomal protein S6,-0.482662504,0.193348235
Q91VC3,Eif4a3,Eukaryotic initiation factor 4A-III,0.064313481,0.099306558
P61327,Magoh,Protein mago nashi homolog,0.64979864,0.587255033
Q8BFZ3,Actbl2,Beta-actin-like protein 2,0.115147617,0.027064232
P04370,Mbp,Myelin basic protein,0.307145472,0.176819724
A0A087WNS0,Rpl3,"Isoform of P27659, 60S ribosomal protein L3",0.464764404,0.72690979
P35486,Pdha1,"Pyruvate dehydrogenase E1 component subunit alpha, somatic form, mitochondrial",-0.054026439,0.037185655
Q8BMF4,Dlat,"Dihydrolipoyllysine-residue acetyltransferase component of pyruvate dehydrogenase complex, mitochondrial",0.732452813,0.245672032
P20801,Tnnc2,"Troponin C, skeletal muscle",0.039755644,0.021449558
Z4YJF5,Myom1,"Isoform of Q62234, Myomesin-1",1.134249148,0.699156051
P62259,Ywhae,14-3-3 protein epsilon,-0.346274378,0.22907366
Q5SX39,Myh4,Myosin-4,-1.420726927,0.461974294
Q923T9,Camk2g,Calcium/calmodulin-dependent protein kinase type II subunit gamma,0.129669235,0.102903749
Q9DCJ5,Ndufa8,NADH dehydrogenase [ubiquinone] 1 alpha subcomplex subunit 8,0.009038398,0.00035977
Q60605,Myl6,Myosin light polypeptide 6,-0.398214888,0.32074555
Q64324,Stxbp2,Syntaxin-binding protein 2,-0.445531601,0.202335655
Q8C854,Myef2,Myelin expression factor 2,0.249024342,0.149933835
Q9CQC7,Ndufb4,NADH dehydrogenase [ubiquinone] 1 beta subcomplex subunit 4,-0.218422665,0.111833675
Q60932,Vdac1,Voltage-dependent anion-selective channel protein 1,0.148675402,0.030726448
P63163,Snrpn,Small nuclear ribonucleoprotein-associated protein N,-0.091050539,0.120724228
Q91YE8,Synpo2,Synaptopodin-2,-0.392427425,0.404130979
P56135,Atp5j2,"ATP synthase subunit f, mitochondrial",0.039401344,0.005233639
Q8VBT3,Oscar,Osteoclast-associated immunoglobulin-like receptor,0.266246176,0.079400642
Q9CZ13,Uqcrc1,"Cytochrome b-c1 complex subunit 1, mitochondrial",0.215397099,0.056053555
P62082,Rps7,40S ribosomal protein S7,0.0493106,0.060324383
Q80WS3,Fbll1,rRNA/tRNA 2'-O-methyltransferase fibrillarin-like protein 1,0.25872003,0.150614957
P12787,Cox5a,"Cytochrome c oxidase subunit 5A, mitochondrial",0.128818063,0.037415649
Q9D051,Pdhb,"Pyruvate dehydrogenase E1 component subunit beta, mitochondrial",0.52220725,0.137271074
Q14BI5,Myom2,Myomesin 2,-0.597166512,0.238755502
P19783,Cox4i1,"Cytochrome c oxidase subunit 4 isoform 1, mitochondrial",-0.166497396,0.090725143
Q9CRB2,Nhp2,H/ACA ribonucleoprotein complex subunit 2,0.044005363,0.051168975
Q7TQ48,Srl,Sarcalumenin,0.661421102,0.513845365
Q8BTV2,Cpsf7,Cleavage and polyadenylation specificity factor subunit 7,0.759705096,0.822153712
O35691,Pnn,Pinin,-0.066926848,0.050855115
Q04447,Ckb,Creatine kinase B-type,0.169248096,0.035332542
Q6PDG5,Smarcc2,SWI/SNF complex subunit SMARCC2,-0.044241641,0.048564946
P62855,Rps26,40S ribosomal protein S26,0.169614285,0.107191319
E9QP59,Lemd3,"Isoform of Q9WU40, Inner nuclear membrane protein Man1",0.911242505,0.843860636
Q9EQS3,Mycbp,C-Myc-binding protein,0.275041821,0.350429118
Q61029,Tmpo,"Lamina-associated polypeptide 2, isoforms beta/delta/epsilon/gamma",0.418623128,0.329731209
Q9D3D9,Atp5d,"ATP synthase subunit delta, mitochondrial",0.348147858,0.389956607
Q7TMY4,Thoc7,THO complex subunit 7 homolog,0.306114478,0.326825354
Q9JHY4,Wfdc15b,WAP four-disulfide core domain protein 15B,-0.259109842,0.154139773
Q2NKI4,Prkcg,"Isoform of P63318, Protein kinase C",-0.34488852,0.150679548
P97315,Csrp1,Cysteine and glycine-rich protein 1,0.74335792,0.653103614
Q9R059,Fhl3,Four and a half LIM domains protein 3,-0.202406253,0.12366324
Q9JI91,Actn2,Alpha-actinin-2,-0.372966224,0.71446181
Q9QWF0,Chaf1a,Chromatin assembly factor 1 subunit A,-0.177673048,0.106096572
P19536,Cox5b,"Cytochrome c oxidase subunit 5B, mitochondrial",0.38112818,0.211429935
Q9JJW5,Myoz2,Myozenin-2,0.539227618,0.855860597
D3YZ62,Myo5a,"Isoform of Q99104, Unconventional myosin-Va",-1.330836805,0.725927852
Q9Z1P6,Ndufa7,NADH dehydrogenase [ubiquinone] 1 alpha subcomplex subunit 7,0.052356519,0.020396512
Q6ZPZ3,Zc3h4,Zinc finger CCCH domain-containing protein 4,1.370578671,2.197032265
P09405,Ncl,Nucleolin,0.476316128,0.757377628
P10126,Eef1a1,Elongation factor 1-alpha 1,1.271854867,1.752062838
A2ABU4,Myom3,Myomesin-3,0.644012856,1.071637089
P17742,Ppia,Peptidyl-prolyl cis-trans isomerase A,-0.379522573,0.13414361
Q60596,Xrcc1,DNA repair protein XRCC1,0.62270558,0.444923132
P68134,Acta1,"Actin, alpha skeletal muscle",-0.121342599,0.091300682
Q8BFR5,Tufm,"Elongation factor Tu, mitochondrial",0.359826329,0.242275966
E9QPE7,Myh11,"Isoform of O08638, Myosin-11",-0.358160543,0.460183809
P46660,Ina,Alpha-internexin,-0.091194165,0.015813352
Q9CWL8,Ctnnbl1,Beta-catenin-like protein 1,0.234522526,0.26155622
P10711,Tcea1,Transcription elongation factor A protein 1,-0.513109505,0.427520665
Q9Z2Q6,5-Sep,Septin-5,-0.336448063,0.174590544
Q921I9,Exosc4,Exosome complex component RRP41,0.286119998,0.106846341
P59708,Sf3b6,Splicing factor 3B subunit 6,0.339828328,0.212142657
P97868,Rbbp6,E3 ubiquitin-protein ligase RBBP6,0.134880352,0.104411151
Q8CH18,Ccar1,Cell division cycle and apoptosis regulator protein 1,0.711983579,0.860917493
Q8C845,Efhd2,"Isoform of Q9D8Y0, EF-hand domain-containing protein D2",-0.322643261,0.101237485
P17095,Hmga1,High mobility group protein HMG-I/HMG-Y,-0.03564497,0.039947266
P26369,U2af2,Splicing factor U2AF 65 kDa subunit,0.791417187,0.525500317
O08553,Dpysl2,Dihydropyrimidinase-related protein 2,0.849191471,0.255728141
Q91ZZ3,Sncb,Beta-synuclein,0.693746618,0.271359516
O54724,Ptrf,Polymerase I and transcript release factor,-0.339565665,0.340376749
P68372,Tubb4b,Tubulin beta-4B chain,0.023348135,0.017232879
E9Q1G8,7-Sep,"Isoform of O55131, Septin-7",0.351155526,0.086906328
P70288,Hdac2,Histone deacetylase 2,0.80127242,1.687431622
P56480,Atp5b,"ATP synthase subunit beta, mitochondrial",0.102653406,0.063868121
Q6NZF1,Zc3h11a,Zinc finger CCCH domain-containing protein 11A,1.24931992,0.644721424
E9PZB4,Tnnt1,"Isoform of O88346, Troponin T, slow skeletal muscle",-0.30915595,0.274992912
P60202,Plp1,Myelin proteolipid protein,0.75700728,0.301229021
Q8BFZ9,Erlin2,Erlin-2,1.208866387,1.249177705
Q03265,Atp5a1,"ATP synthase subunit alpha, mitochondrial",-0.122061261,0.06621622
P62874,Gnb1,Guanine nucleotide-binding protein G(I)/G(S)/G(T) subunit beta-1,0.409888982,0.154185704
A2A6I3,Tnnt3,"Isoform of Q9QZ47, Troponin T, fast skeletal muscle",0.57169468,0.240467716
Q9JLV1,Bag3,BAG family molecular chaperone regulator 3,-0.448545902,0.412121987
A0A0A6YVU8,Gm9774,MCG119397,0.369225502,0.328381172
P83917,Cbx1,Chromobox protein homolog 1,-1.050913654,1.089217372
Q9Z1X4,Ilf3,Interleukin enhancer-binding factor 3,0.494486417,1.255807828
A2AUM6,Srp14,"Isoform of P16254, Signal recognition particle 14 kDa protein",0.512120116,0.279213197
Q6A068,Cdc5l,Cell division cycle 5-like protein,1.635069852,1.215952183
B1ASE2,Atp5h,"Isoform of Q9DCX2, ATP synthase subunit d, mitochondrial",-0.185091287,0.086757962
Q68FD5,Cltc,Clathrin heavy chain 1,0.12984234,0.040825263
P62751,Rpl23a,60S ribosomal protein L23a,-0.955383699,0.45272778
P06837,Gap43,Neuromodulin,-0.18843939,0.097664378
P11798,Camk2a,Calcium/calmodulin-dependent protein kinase type II subunit alpha,1.046928701,0.529607011
Q3U4F0,Sfxn3,"Isoform of Q91V61, Sideroflexin-3",0.477431764,0.113561803
P97450,Atp5j,"ATP synthase-coupling factor 6, mitochondrial",-0.415017926,0.21856564
Q9CQS8,Sec61b,Protein transport protein Sec61 subunit beta,0.462417092,0.385056062
Q7TQD2,Tppp,Tubulin polymerization-promoting protein,-1.020526863,0.413686156
D3Z0M9,Ddx23,"MCG18410, isoform CRA_a",0.417553682,0.367407835
Q8C570,Rae1,mRNA export factor,0.808553149,0.915662918
G3UXF3,Cct4,"Isoform of P80315, T-complex protein 1 subunit delta",-0.350747426,0.290068381
Q91VR8,Brk1,Protein BRICK1,-0.964012817,0.751237879
O88935,Syn1,Synapsin-1,0.580295445,0.154213184
P52480,Pkm,Pyruvate kinase PKM,-0.122247099,0.035115734
S4R2L4,Rsrc2,"Isoform of A2RTL5, Arginine/serine-rich coiled-coil protein 2",-0.469521823,0.624000229
Q3UEB3,Puf60,Poly(U)-binding-splicing factor PUF60,-0.588627317,0.487964134
A2A9S2,Elavl4,"Isoform of Q61701, ELAV-like protein",0.413269417,0.284111291
J3QQ16,Col6a3,"Isoform of E9PWQ3, Protein Col6a3",-0.60060812,0.655837194
Q06185,Atp5i,"ATP synthase subunit e, mitochondrial",-0.323186321,0.174453348
Q922F4,Tubb6,Tubulin beta-6 chain,0.012788686,0.017057613
Q91VA7,Idh3b,"Isocitrate dehydrogenase [NAD] subunit, mitochondrial",-0.216603134,0.157519646
P27773,Pdia3,Protein disulfide-isomerase A3,-0.440570952,0.702347821
Z4YKF8,Tnnt3,"Isoform of Q9QZ47, Troponin T, fast skeletal muscle",-0.293587174,0.289307295
G5E8G0,Hnrnpd,"Isoform of Q60668, Heterogeneous nuclear ribonucleoprotein D, isoform CRA_b",-0.296793292,0.596068216
Q3UJB0,Sf3b2,Protein Sf3b2,0.974387765,0.987073099
B0V2N8,Anxa2,"Isoform of P07356, Annexin",-0.400552068,0.501463294
Q9JMD0,Znf207,BUB3-interacting and GLEBS motif-containing protein ZNF207,-0.074256365,0.074639959
A2AJ72,Fubp3,"Isoform of Q3TIX6, MCG130458",-0.152019993,0.099813444
I7HIF3,Atp1b2,"Isoform of P14231, ATPase, Na+/K+ transporting, beta 2 polypeptide",0.28330547,0.124356787
P11531,Dmd,Dystrophin,-0.262319247,0.385060416
P50518,Atp6v1e1,V-type proton ATPase subunit E 1,0.661192168,0.270186381
O08599,Stxbp1,Syntaxin-binding protein 1,0.29003552,0.172450674
O54962,Banf1,Barrier-to-autointegration factor,-0.191133187,0.249525958
Q7TMF3,Ndufa12,NADH dehydrogenase [ubiquinone] 1 alpha subcomplex subunit 12,-0.492556446,0.332975477
A0A087WQF8,Ktn1,"Isoform of Q61595, Kinectin",0.21308705,0.154618104
Q8VC60,Glb1l,Beta-galactosidase-1-like protein,-0.428039643,0.899912334
Q9CPP6,Ndufa5,NADH dehydrogenase [ubiquinone] 1 alpha subcomplex subunit 5,0.086660316,0.052565795
E9Q805,Farp1,"Isoform of F8VPU2, FERM, RhoGEF and pleckstrin domain-containing protein 1",-0.414785714,0.267429542
P38647,Hspa9,"Stress-70 protein, mitochondrial",-0.063651263,0.076077981
P31001,Des,Desmin,-0.1074231,0.055219645
Q8BW22,Ss18l1,Calcium-responsive transactivator,0.519546123,0.687894046
P04370,Mbp,Myelin basic protein,-0.712342328,0.161313935
P56379,Mp68,6.8 kDa mitochondrial proteolipid,-0.389290792,0.207231057
Q8BJ71,Nup93,Nuclear pore complex protein Nup93,-0.063084649,0.074772531
E9Q507,Gon4l,"Isoform of Q9DB00, GON-4-like protein",-0.100702667,0.090722967
Q9CY58,Serbp1,Plasminogen activator inhibitor 1 RNA-binding protein,0.17763109,0.165948061
Q61495,Dsg1a,Desmoglein-1-alpha,0.219195453,0.189593708
P16546,Sptan1,"Spectrin alpha chain, non-erythrocytic 1",0.388127672,0.096935934
Q3UKJ7,Smu1,WD40 repeat-containing protein SMU1,0.465008789,0.373742014
Q91XU0,Wrnip1,ATPase WRNIP1,0.296576434,0.645147066
P18760,Cfl1,Cofilin-1,-0.522967472,0.201844978
Q9DAW6,Prpf4,U4/U6 small nuclear ribonucleoprotein Prp4,0.99969579,0.752308794
Q61361,Bcan,Brevican core protein,-0.063000234,0.053222209
D3YU50,Mybpc1,Protein Mybpc1,-0.366136111,0.566337399
Q3UB74,Tbrg1,Transforming growth factor beta regulator 1,-0.17453036,0.23419675
E9Q8K5,Ttn,"Isoform of A2ASS6, Titin",-1.275766094,0.843315703
P62137,Ppp1ca,Serine/threonine-protein phosphatase PP1-alpha catalytic subunit,0.298601478,0.19423387
P12970,Rpl7a,60S ribosomal protein L7a,0.160170364,0.089636307
G5E8J6,Hrc,"Histidine rich calcium binding protein, isoform CRA_a",0.530999336,0.343597635
P20065,Tmsb4x,Thymosin beta-4,0.311809262,0.111861319
P43024,Cox6a1,"Cytochrome c oxidase subunit 6A1, mitochondrial",-0.029250888,0.005392128
P60867,Rps20,40S ribosomal protein S20,0.12951395,0.173541433
Q60597,Ogdh,"2-oxoglutarate dehydrogenase, mitochondrial",0.192656556,0.106944663
Q61164,Ctcf,Transcriptional repressor CTCF,0.722833466,0.390095493
Q8CI43,Myl6b,Myosin light chain 6B,-0.244379093,0.337891904
P17182,Eno1,Alpha-enolase,0.468653851,0.129787339
G3UXT7,Fus,"Isoform of P56959, RNA-binding protein FUS",0.297746888,0.149639484
P63017,Hspa8,Heat shock cognate 71 kDa protein,-0.112268135,0.114356371
D3Z1T4,Gnb2,"Isoform of P62880, Guanine nucleotide-binding protein G(I)/G(S)/G(T) subunit beta-2",0.222205402,0.069789923
A0A0A6YXQ7,Prdx6,"Isoform of O08709, Peroxiredoxin-6",-0.872786951,0.518277829
E9Q317,Gm10094,"Isoform of O55128, Histone deacetylase complex subunit SAP18",-0.044612205,0.03507535
O55022,Pgrmc1,Membrane-associated progesterone receptor component 1,0.084536705,0.080763891
Q8CC35,Synpo,Synaptopodin,0.500931174,0.161155009
Q8BL66,Eea1,Early endosome antigen 1,-1.176824554,1.287064795
Q99JF8,Psip1,PC4 and SFRS1-interacting protein,0.05376588,0.067299375
Q0P678,Zc3h18,Zinc finger CCCH domain-containing protein 18,-0.529927462,1.714569807
Q62347,Creb1,"Isoform of Q01147, Cyclic AMP-responsive element-binding protein 1",0.444616589,0.306107149
Q9CPQ1,Cox6c,Cytochrome c oxidase subunit 6C,0.259618309,0.084493866
Q5RL57,Akap8l,"Isoform of Q9R0L7, A kinase (PRKA) anchor protein 8-like",0.066232408,0.043228218
Q91Z31,Ptbp2,Polypyrimidine tract-binding protein 2,1.343113475,1.008316691
Q9JJZ2,Tuba8,Tubulin alpha-8 chain,-0.260524007,0.362063296
Q99M28,Rnps1,RNA-binding protein with serine-rich domain 1,0.030919744,0.041449762
O89104,Sypl2,Synaptophysin-like protein 2,-0.475658471,1.159433632
Q99KP6,Prpf19,Pre-mRNA-processing factor 19,0.262469086,0.227023598
P63260,Actg1,"Actin, cytoplasmic 2",0.296218212,0.108892495
G3UVV4,Hk1,"Isoform of P17710, Hexokinase",-0.404955346,0.155768309
Q9CQX8,Mrps36,"28S ribosomal protein S36, mitochondrial",-0.849708702,1.725972824
P39053,Dnm1,Dynamin-1,1.589749545,0.532727778
Q01853,Vcp,Transitional endoplasmic reticulum ATPase,0.005334781,0.004686319
Q00547,Hmmr,Hyaluronan mediated motility receptor,-0.452338057,0.530084182
E9QAY6,Immt,"Isoform of Q8CAQ8, MICOS complex subunit Mic60",-0.418545102,0.396902
G5E8R0,Tpm1,"Isoform of P58771, Tropomyosin 1, alpha, isoform CRA_i",0.152155314,0.092095305
Q9JLC6,Tef,Thyrotroph embryonic factor,0.226489369,0.358038163
P61264,Stx1b,Syntaxin-1B,0.749461408,0.272002755
Q91XL9,Osbpl1a,Oxysterol-binding protein-related protein 1,-0.459937224,0.811608568
Q8CIE6,Copa,Coatomer subunit alpha,-0.588108045,0.638452754
P14152,Mdh1,"Malate dehydrogenase, cytoplasmic",0.13101966,0.023855273
B1AR28,Acadvl,"Isoform of P50544, Very long-chain-specific acyl-CoA dehydrogenase, mitochondrial",-0.436692233,0.536168793
Q9DCC5,Cbx3,"Isoform of P23198, Cbx3 protein",-0.472197298,0.726369729
Q7TN99,Cpeb3,Cytoplasmic polyadenylation element-binding protein 3,0.345185014,0.56258495
Q8CBW3,Abi1,Abl interactor 1,-0.275175785,0.416880054
O88737,Bsn,Protein bassoon,-0.554088335,0.596041258
Q9D824,Fip1l1,Pre-mRNA 3'-end-processing factor FIP1,-0.617466792,0.561476685
P43275,Hist1h1a,Histone H1.1,-0.545167531,0.121325474
P62889,Rpl30,60S ribosomal protein L30,-0.058870176,0.073246327
Q6NZN0,Rbm26,RNA-binding protein 26,0.384888151,0.34519859
A2A6H1,Lasp1,"Isoform of Q61792, LIM and SH3 domain protein 1",0.417125726,0.334552279
Q29ZQ5,Mog,"Isoform of Q61885, Myelin-oligodendrocyte glycoprotein",-0.966535096,1.182050125
Q8K2B3,Sdha,"Succinate dehydrogenase [ubiquinone] flavoprotein subunit, mitochondrial",-0.113558325,0.074703978
E9Q7G0,Numa1,Protein Numa1,0.768580317,0.655960415
P63044,Vamp2,Vesicle-associated membrane protein 2,0.792125316,0.282124744
P05063,Aldoc,Fructose-bisphosphate aldolase C,-1.166512716,0.754405299
F6V9F1,Pcmt1,"Isoform of P23506, Protein-L-isoaspartate O-methyltransferase",-0.494989109,0.582554703
P26883,Fkbp1a,Peptidyl-prolyl cis-trans isomerase FKBP1A,-0.47960051,0.234159927
E9PXC0,Srp54c,"Isoform of P14576, Protein Srp54b",-0.590652711,0.431999302
P14115,Rpl27a,60S ribosomal protein L27a,-0.439976042,0.228597442
Q5SU73,Coil,Coilin,-0.34271018,0.342574451
Q9D1M4,Eef1e1,Eukaryotic translation elongation factor 1 epsilon-1,0.055329566,0.053405943
P97351,Rps3a,40S ribosomal protein S3a,-0.003273499,0.002745803
Q61142,Spin1,Spindlin-1,0.529552118,0.338365413
B1ARA3,Rpl26,"Isoform of P61255, 60S ribosomal protein L26",-0.215661472,0.096030229
Q9CQ75,Ndufa2,NADH dehydrogenase [ubiquinone] 1 alpha subcomplex subunit 2,-0.076591496,0.058175414
Q8JZX4,Rbm17,Splicing factor 45,0.570593577,0.321716262
Q8CCK0,H2afy2,Core histone macro-H2A.2,0.88474315,0.467437136
P07310,Ckm,Creatine kinase M-type,-0.130492013,0.131836221
Q9Z130,Hnrnpdl,Heterogeneous nuclear ribonucleoprotein D-like,-0.014697681,0.002015057
Q9JIF9,Myot,Myotilin,0.162014029,0.119952734
Q8BL97,Srsf7,Serine/arginine-rich splicing factor 7,-0.0973387,0.034669585
P68033,Actc1,"Actin, alpha cardiac muscle 1",-0.21967008,0.207538113
G5E883,Snrpa1,"Isoform of P57784, Small nuclear ribonucleoprotein polypeptide A', isoform CRA_a",1.083182722,0.794832061
A0A087WSI9,Snap91,"Isoform of Q61548, Clathrin coat assembly protein AP180",0.284677151,0.075110447
Q9D8N0,Eef1g,Elongation factor 1-gamma,-0.256681363,0.149412195
Q9CWZ7,Napg,Gamma-soluble NSF attachment protein,-0.401785999,0.139698324
Q04857,Col6a1,Collagen alpha-1(VI) chain,0.369907248,0.362158715
Q61686,Cbx5,Chromobox protein homolog 5,-0.717383341,0.61602464
Q8K021,Scamp1,Secretory carrier-associated membrane protein 1,-0.588076799,0.284545392
P20152,Vim,Vimentin,0.417316951,0.211528672
Q8BVY0,Rsl1d1,Ribosomal L1 domain-containing protein 1,-0.003469642,0.01501229
Q99LT0,Dpy30,Protein dpy-30 homolog,0.60312793,0.479669044
A0A0A6YWP6,Atp6v1h,"Isoform of Q8BVE3, V-type proton ATPase subunit H",-0.96824072,0.853312797
Q3TML0,Pdia6,"Isoform of Q922R8, Protein disulfide-isomerase A6",-0.085568034,0.052508341
D3YVX1,Ggt1,"Isoform of Q60928, Gamma-glutamyltranspeptidase 1",0.089496452,0.077439321
P84086,Cplx2,Complexin-2,-0.198761602,0.053392837
Q6P9Z1,Smarcd3,SWI/SNF-related matrix-associated actin-dependent regulator of chromatin subfamily D member 3,-0.053121581,0.039832222
Q5NCR9,Nsrp1,Nuclear speckle splicing regulatory protein 1,-0.268628464,0.232241123
K3W4M2,Ryr1,"Isoform of E9PZQ0, Ryanodine receptor 1",-0.240242386,0.164164479
Q9DB20,Atp5o,"ATP synthase subunit O, mitochondrial",-0.02773753,0.025861059
Q9EQY0,Ern1,Serine/threonine-protein kinase/endoribonuclease IRE1,-0.827348048,1.783379693
A2ACZ1,Ebna1bp2,"Isoform of Q9D903, Probable rRNA-processing protein EBP2",-0.003656631,0.000917338
A2ASS6,Ttn,Titin,-0.290302465,0.2141966
P09103,P4hb,Protein disulfide-isomerase,-1.218700502,1.965951397
D6RGU9,Ubxn2a,"Isoform of Q99KJ0, UBX domain containing 4, isoform CRA_d",-0.307737899,0.210501728
P62900,Rpl31,60S ribosomal protein L31,0.623288089,0.354475941
Q61602,Gli3,Transcriptional activator GLI3,-0.537984767,0.595175531
O08749,Dld,"Dihydrolipoyl dehydrogenase, mitochondrial",-0.362087044,0.229583853
Q3UDD3,Poldip3,"Isoform of Q8BG81, Polymerase delta-interacting protein 3",0.474434495,0.531912255
Q0VBL3,Rbm15,Protein Rbm15,0.46137111,0.338326058
Q63912,Omg,Oligodendrocyte-myelin glycoprotein,0.354870346,0.205989357
Q64332,Syn2,Synapsin-2,-0.57036172,0.246244319
P62305,Snrpe,Small nuclear ribonucleoprotein E,-0.09800496,0.060247551
P60710,Actb,"Actin, cytoplasmic 1",-1.704554567,0.710300092
P09411,Pgk1,Phosphoglycerate kinase 1,0.267963401,0.098865882
P62918,Rpl8,60S ribosomal protein L8,0.176684853,0.11296974
Q8VEM8,Slc25a3,"Phosphate carrier protein, mitochondrial",-0.015453581,0.01372429
Q6ZWZ6,Rps12,"Isoform of P63323, 40S ribosomal protein S12",1.874925509,0.671581672
O08784,Tcof1,Treacle protein,0.026715526,0.026680486
A0A087WRG2,U2surp,"Isoform of Q6NV83, U2 snRNP-associated SURP motif-containing protein",0.751567867,1.880167766
P97379,G3bp2,Ras GTPase-activating protein-binding protein 2,-0.557833483,0.505055618
P28663,Napb,Beta-soluble NSF attachment protein,0.11217711,0.066907187
Q8K3J1,Ndufs8,"NADH dehydrogenase [ubiquinone] iron-sulfur protein 8, mitochondrial",-0.175020229,0.129113219
Q91WK2,Eif3h,Eukaryotic translation initiation factor 3 subunit H,-0.980003688,1.404996162
0,0,0,0,0
Q80UK8,Ints2,Integrator complex subunit 2,0.229432848,0.112024006
Q9CQR4,Acot13,Acyl-coenzyme A thioesterase 13,-0.041340813,0.016604345
D3Z4K7,Usp5,"Isoform of P56399, Ubiquitin carboxyl-terminal hydrolase 5",-0.267992857,0.172126057
O55143,Atp2a2,Sarcoplasmic/endoplasmic reticulum calcium ATPase 2,0.160549983,0.072495616
Q9CZY3,Ube2v1,Ubiquitin-conjugating enzyme E2 variant 1,0.223044041,0.117447204
Q9QY81,Nup210,Nuclear pore membrane glycoprotein 210,0.281659753,0.25565605
P05201,Got1,"Aspartate aminotransferase, cytoplasmic",-0.808532604,0.311313179
Q9WTT4,Atp6v1g2,V-type proton ATPase subunit G 2,0.207228347,0.065522481
A2BFF8,Dync1i2,"Isoform of O88487, Cytoplasmic dynein 1 intermediate chain 2",-0.715729386,0.502447792
P35564,Canx,Calnexin,1.026007762,0.716315064
P84228,Hist1h3b,Histone H3.2,-3.185940685,2.596654673
B1ARS3,Mfsd2a,"Isoform of Q9DA75, Sodium-dependent lysophosphatidylcholine symporter 1",-0.233634688,0.17694801
Q61687,Atrx,Transcriptional regulator ATRX,-0.268987899,0.233492209
Q9QYX7,Pclo,Protein piccolo,-0.786502423,1.614826832
D3YUK4,Ndufb10,"Isoform of Q9DCS9, NADH dehydrogenase [ubiquinone] 1 beta subcomplex subunit 10",-0.001253301,0.016309921
A2APD7,Nop56,"Isoform of Q9D6Z1, Nucleolar protein 56",0.063172181,0.024321406
D3YUW8,Pogz,"Isoform of Q8BZH4, Pogo transposable element with ZNF domain",1.145805372,1.243789787
Q8VHX6,Flnc,Filamin-C,0.338934982,0.153048649
Q7TMI3,Uhrf2,E3 ubiquitin-protein ligase UHRF2,-0.016976027,0.018134761
P62317,Snrpd2,Small nuclear ribonucleoprotein Sm D2,-0.082273146,0.119888999
Q61103,Dpf2,Zinc finger protein ubi-d4,-0.301289166,0.228579828
Q8R081,Hnrnpl,Heterogeneous nuclear ribonucleoprotein L,-0.201093886,0.065639661
Q02257,Jup,Junction plakoglobin,0.093711529,0.066015009
Q99MR0,Actl6b,Actin-like protein 6B,0.017442882,0.024979199
Q02566,Myh6,Myosin-6,0.379084993,0.524371145
Q9CQZ5,Ndufa6,NADH dehydrogenase [ubiquinone] 1 alpha subcomplex subunit 6,1.229069014,0.640714069
Q3UTJ2,Sorbs2,Sorbin and SH3 domain-containing protein 2,0.204503501,0.184059424
Q8K0U4,Hspa12a,Heat shock 70 kDa protein 12A,-0.795325194,0.289000453
P68254,Ywhaq,14-3-3 protein theta,0.295080937,0.099094665
O55042,Snca,Alpha-synuclein,-0.563866772,0.15160687
Q6PE01,Snrnp40,U5 small nuclear ribonucleoprotein 40 kDa protein,-0.008785804,0.003705653
Q62261,Sptbn1,"Spectrin beta chain, non-erythrocytic 1",0.656171962,0.231879022
Q99JB8,Pacsin3,Protein kinase C and casein kinase II substrate protein 3,-0.47935735,0.491370635
F6RJ39,Acin1,"Isoform of Q9JIX8, Apoptotic chromatin condensation inducer in the nucleus",0.091322534,0.063434613
P16125,Ldhb,L-lactate dehydrogenase B chain,-0.128381,0.048568164
P51881,Slc25a5,ADP/ATP translocase 2,0.902616373,0.208550142
Q04750,Top1,DNA topoisomerase 1,0.386310654,0.250758961
O55125,Nipsnap1,Protein NipSnap homolog 1,0.839909791,0.318556202
Q8BMD5,Cdadc1,Cytidine and dCMP deaminase domain-containing protein 1,-0.045133587,0.03670332
Q8QZY9,Sf3b4,Splicing factor 3B subunit 4,-1.541493706,2.081350548
B1ARH1,Dph1,"Isoform of Q5NCQ5, Diphthamide biosynthesis protein 1",-0.580017383,0.502590512
P01831,Thy1,Thy-1 membrane glycoprotein,0.331418233,0.096529709
Q6P4T2,Snrnp200,U5 small nuclear ribonucleoprotein 200 kDa helicase,0.946268049,1.110154763
Q8R2U0,Seh1l,Nucleoporin SEH1,-0.62789802,0.605600421
Q9D7A8,Armc1,Armadillo repeat-containing protein 1,-0.282391101,0.287896612
F7B2B4,Atp6v1f,"Isoform of Q9D1K2, V-type proton ATPase subunit F",0.208835111,0.076137633
P61979,Hnrnpk,Heterogeneous nuclear ribonucleoprotein K,0.417349686,0.696004805
P63276,Rps17,40S ribosomal protein S17,-1.000368816,0.468420644
Q3TH63,Brd2,"Isoform of Q7JJ13, Bromodomain-containing protein 2",-0.603316972,0.403183366
F8WI31,Plrg1,"Isoform of Q922V4, Pleiotropic regulator 1",0.314479551,0.159659627
Q8BWT1,Acaa2,"3-ketoacyl-CoA thiolase, mitochondrial",0.454733317,0.740286467
Q8BTF8,Ralyl,RNA-binding Raly-like protein,-0.069356188,0.051416115
Q9D287,Bcas2,Pre-mRNA-splicing factor SPF27,0.796222053,0.966861722
Q9D1J3,Sarnp,SAP domain-containing ribonucleoprotein,-0.313727486,0.242432546
P15864,Hist1h1c,Histone H1.2,-0.788412561,0.412959123
P06745,Gpi,Glucose-6-phosphate isomerase,-0.298476324,0.083821597
E9QK16,Fat3,"Isoform of Q8BNA6, Protocadherin Fat 3",0.282125291,0.990195468
Q91VB8,haemaglobin alpha 2,"Isoform of P01942, Alpha globin 1",0.333579705,0.107483689
E9PUM3,Pygm,"Isoform of Q9WUB3, Alpha-1,4 glucan phosphorylase",-0.234254863,0.246935953
A0A0G2JFD4,Ampd1,"Isoform of Q3V1D3, AMP deaminase 1",-0.620585729,0.465091542
Q99PV0,Prpf8,Pre-mRNA-processing-splicing factor 8,0.585364502,1.131022781
S4R1N6,Rps18,"Isoform of P62270, 40S ribosomal protein S18",-0.896899235,0.949400876
Q5SX61,Eno3,"Isoform of P21550, Beta-enolase",-0.601581526,0.574870882
P61358,Rpl27,60S ribosomal protein L27,0.12583698,0.046498029
P16330,Cnp,"2',3'-cyclic-nucleotide 3'-phosphodiesterase",-0.200185509,0.100182984
P54227,Stmn1,Stathmin,0.022043542,0.000851477
Q6P6L5,Mybpc1,"Isoform of D3YU50, Protein Mybpc1",-0.084963479,0.055577537
Q3ZB60,Mag,"Isoform of P20917, Mag protein",-1.214552668,0.458460521
P52479,Usp10,Ubiquitin carboxyl-terminal hydrolase 10,-0.008134169,0.005047372
P26443,Glud1,"Glutamate dehydrogenase 1, mitochondrial",0.492125577,0.173741551
A2AWT6,Ubtf,"Isoform of P25976, Nucleolar transcription factor 1",1.006785613,1.009308357
Q3V1Z5,Rps4l,40S ribosomal protein S4,-1.195762999,0.848932408
A0A087WQY9,Hdlbp,"Isoform of Q8VDJ3, Vigilin",0.293380964,0.247622875
Q8BGC0,Htatsf1,HIV Tat-specific factor 1 homolog,-0.359917641,0.213233314
Q569Z5,Ddx46,Probable ATP-dependent RNA helicase DDX46,0.792889753,0.595313704
D3Z1A1,Qdpr,"Isoform of Q8BVI4, Dihydropteridine reductase",-0.053240122,0.014556949
Q9ES97,Rtn3,Reticulon-3,-1.316553174,1.490377036
Q91VR5,Ddx1,ATP-dependent RNA helicase DDX1,0.836107969,1.318599127
P63330,Ppp2ca,Serine/threonine-protein phosphatase 2A catalytic subunit alpha isoform,0.022251284,0.006003392
P99027,Rplp2,60S acidic ribosomal protein P2,0.252038943,0.149774764
Q8VDN2,Atp1a1,Sodium/potassium-transporting ATPase subunit alpha-1,-0.145311667,0.045491214
Q8CGP0,Hist3h2bb,Histone H2B type 3-B,0.955539198,0.798687318
D3Z6W1,Map6,"Isoform of Q7TSJ2, Microtubule-associated protein 6",0.996138482,0.372346673
G3UYZ1,Igsf8,"Isoform of Q8R366, Immunoglobulin superfamily member 8",0.474281456,0.13680487
A0A0G2JFA5,Atrx,"Isoform of Q61687, Transcriptional regulator ATRX",0.225259151,0.181294263
Q8CCS6,Pabpn1,Polyadenylate-binding protein 2,0.406765405,1.165744547
D3Z055,Pabpn1,"Isoform of Q8CCS6, Polyadenylate-binding protein 2",-0.586439842,0.805083308
Q5SW86,Rab1,"Isoform of P62821, Ras-related protein Rab-1A",0.079246031,0.047328741
P08775,Polr2a,DNA-directed RNA polymerase II subunit RPB1,0.608985345,0.254465897
Q9CR06,Asph,"Isoform of Q8BSY0, Aspartate-beta-hydroxylase, isoform CRA_a",-0.467192014,0.456760297
Q8CGP1,Hist1h2bk,Histone H2B type 1-K,-0.765918763,0.632169633
P50516,Atp6v1a,V-type proton ATPase catalytic subunit A,0.852261247,0.264004559
Q9ET80,Jph1,Junctophilin-1,-0.074334308,0.093112859
Q8CH09,Sugp2,SURP and G-patch domain-containing protein 2,0.081620542,0.049518106
Q9CQB4,Uqcrb,"Isoform of Q9D855, Cytochrome b-c1 complex subunit 7",0.493279108,0.310173817
A2AR81,Tbr1,"Isoform of Q64336, T-box brain protein 1",0.238214999,0.135865313
G3UWJ8,Kpna1,"Isoform of Q60960, Importin subunit alpha-5",-0.250989459,0.239561643
D3Z6E4,Eno2,"Isoform of P17183, Enolase",-0.376545773,0.131376763
A8DUK4,Hbbt1,Beta-globin,0.388557029,0.079875097
Q5NC79,Nme1,"Isoform of P15532, Nucleoside diphosphate kinase A",-0.05154284,0.019665136
Q99020,Hnrnpab,Heterogeneous nuclear ribonucleoprotein A/B,-0.659037447,0.46753456
P62311,Lsm3,U6 snRNA-associated Sm-like protein LSm3,0.026559483,0.033916549
D3Z4U0,Zranb2,"Isoform of Q9R020, Zinc finger Ran-binding domain-containing protein 2",0.696342916,1.215080731
Q8BHS3,Rbm22,Pre-mRNA-splicing factor RBM22,-0.236945342,0.091774237
P05213,Tuba1b,Tubulin alpha-1B chain,0.551476163,0.392084723
P14733,Lmnb1,Lamin-B1,-0.165648589,0.246453123
Q63850,Nup62,Nuclear pore glycoprotein p62,0.121108088,0.063527485
Q62167,Ddx3x,ATP-dependent RNA helicase DDX3X,0.375524447,0.319261746
P14131,Rps16,40S ribosomal protein S16,0.052977297,0.040152537
Q9CYH6,Rrs1,Ribosome biogenesis regulatory protein homolog,0.023446747,0.034381118
P16330,Cnp,"2',3'-cyclic-nucleotide 3'-phosphodiesterase",-0.327422986,0.185530566
Q8BFU2,Hist3h2a,Histone H2A type 3,0.359791958,0.305563559
Q9DCU2,Pllp,Plasmolipin,0.052169473,0.009433211
P59235,Nup43,Nucleoporin Nup43,-0.056275642,0.036080034
A2ALV1,Sh3gl2,"Isoform of Q62420, Endophilin-A1",0.506750951,0.174805009
P10637,Mapt,Microtubule-associated protein tau,0.380403857,0.114953531
E9Q3G8,Nup153,Protein Nup153,0.142789036,0.104970408
Q542V3,Srsf4,"Isoform of Q8VE97, Serine/arginine-rich-splicing factor 4",-0.418199909,0.573474938
Q9QYB8,Add2,Beta-adducin,-0.427362723,0.490978659
A2BI12,Psip1,"Isoform of Q99JF8, PC4 and SFRS1-interacting protein",0.21287753,0.288505847
Q9JJV2,Pfn2,Profilin-2,0.18367497,0.045572878
P61965,Wdr5,WD repeat-containing protein 5,-0.278457638,0.298364569
Q7TNC4,Luc7l2,Putative RNA-binding protein Luc7-like 2,-0.040523617,0.026210381
P61982,Ywhag,14-3-3 protein gamma,0.319120021,0.12269254
P47963,Rpl13,60S ribosomal protein L13,0.218078223,0.149043499
P70372,Elavl1,ELAV-like protein 1,0.708502242,1.337500338
E9Q7L0,Ogdhl,Protein Ogdhl,0.712550961,0.372493799
Q60675,Lama2,Laminin subunit alpha-2,-0.429957418,0.36088972
P43006,Slc1a2,Excitatory amino acid transporter 2,1.148149465,0.365589376
P05064,Aldoa,Fructose-bisphosphate aldolase A,-0.899158746,0.276725369
G5E850,Cyb5a,"Isoform of P56395, Cytochrome b-5, isoform CRA_a",-0.266295305,0.24977172
P97807,Fh,"Fumarate hydratase, mitochondrial",0.419222328,0.293261451
Q3TXX4,Slc17a7,Vesicular glutamate transporter 1,-0.567654476,0.583688297
Q9R190,Mta2,Metastasis-associated protein MTA2,0.043359726,0.008556917
Q9JLI8,Sart3,Squamous cell carcinoma antigen recognized by T-cells 3,0.039137328,0.029024696
O70622,Rtn2,Reticulon-2,-0.089290353,0.05825442
Q64012,Raly,RNA-binding protein Raly,0.660689022,1.260274717
Q9D8T7,Slirp,"SRA stem-loop-interacting RNA-binding protein, mitochondrial",-1.005013049,0.530049961
Q8C391,Exoc4,"Isoform of O35382, Exocyst complex component 4",-0.837831511,0.820079799
Q3TSG4,Alkbh5,RNA demethylase ALKBH5,0.193205227,0.142612133
Q8BIQ5,Cstf2,Cleavage stimulation factor subunit 2,0.233968583,0.33275071
Q8BP67,Rpl24,60S ribosomal protein L24,-0.287601139,0.280686914
Q5XKE0,Mybpc2,"Myosin-binding protein C, fast-type",-0.736458385,0.506943693
P56382,Atp5e,"ATP synthase subunit epsilon, mitochondrial",-0.220111808,0.125202586
Q61656,Ddx5,Probable ATP-dependent RNA helicase DDX5,0.381619316,0.584213249
E9PUX0,Mtdh,"Isoform of Q80WJ7, Protein LYRIC",0.695542167,0.69162678
P21619,Lmnb2,Lamin-B2,0.636625186,1.959217372
Q9ESX5,Dkc1,H/ACA ribonucleoprotein complex subunit 4,-0.586793095,0.364587385
Q8BIF2,Rbfox3,RNA binding protein fox-1 homolog 3,0.668459887,0.539990558
Q60847,Col12a1,Collagen alpha-1(XII) chain,-0.097134721,0.073363294
P23927,Cryab,Alpha-crystallin B chain,-0.304679514,0.265266939
Q9ERD7,Tubb3,Tubulin beta-3 chain,0.261962458,0.13884982
P14094,Atp1b1,Sodium/potassium-transporting ATPase subunit beta-1,0.247082403,0.100853018
D3YVV9,Synpo2,"Isoform of Q91YE8, Synaptopodin-2",0.298803427,0.285095137
Q5SVI0,Camk2b,"Isoform of P28652, Calcium/calmodulin-dependent protein kinase type II subunit beta",0.031371137,0.022968393
Q91WM3,Rrp9,U3 small nucleolar RNA-interacting protein 2,0.73054689,0.81364304
D3YXK2,Safb,Scaffold attachment factor B1,-0.327764189,0.368300692
Q9JJ43,Rbfox1,RNA binding protein fox-1 homolog 1,0.373681841,0.369940864
A2A6J1,Tnnt3,"Isoform of Q9QZ47, Troponin T, fast skeletal muscle",-0.101098768,0.058387262
Q99KX1,Mlf2,Myeloid leukemia factor 2,-0.510268958,0.210755118
Q3THW5,H2afv,Histone H2A.V,0.737677542,0.850595811
P03995,Gfap,Glial fibrillary acidic protein,0.213755184,0.075056422
Q99KG3,Rbm10,RNA-binding protein 10,-0.240964764,0.09062174
P14211,Calr,Calreticulin,-0.158335226,0.115067279
Q9Z204,Hnrnpc,Heterogeneous nuclear ribonucleoproteins C1/C2,0.096969637,0.220126535
Q9JK53,Prelp,Prolargin,0.789715101,0.630014907
Q64521,Gpd2,"Glycerol-3-phosphate dehydrogenase, mitochondrial",-0.478219077,0.526654646
P70670,Naca,"Nascent polypeptide-associated complex subunit alpha, muscle-specific form",0.606709333,0.473370991
P62281,Rps11,40S ribosomal protein S11,-0.017763915,0.025641362
Q7TPV4,Mybbp1a,Myb-binding protein 1A,0.141813802,0.072266559
Q8VCH9,Lrrc3b,Leucine-rich repeat-containing protein 3B,0.399580339,0.386396025
Q05816,Fabp5,"Fatty acid-binding protein, epidermal",-0.728662906,0.48476112
E9Q9K8,Akap6,Protein Akap6,0.327915738,0.272108008
P0C0S6,H2afz,Histone H2A.Z,0.529336595,1.640434737
Q9WUM5,Suclg1,"Succinyl-CoA ligase [ADP/GDP-forming] subunit alpha, mitochondrial",0.276751738,0.103958506
Q6PFD9,Nup98,Nuclear pore complex protein Nup98-Nup96,0.0623185,0.050874531
Q99MQ4,Aspn,Asporin,-0.324019314,0.194205173
Q9R1T4,6-Sep,Septin-6,-0.402360258,0.51352278
Q9CYN2,Spcs2,Signal peptidase complex subunit 2,1.021896495,0.585090544
I7HJS1,Emd,"Isoform of O08579, Emerin",-0.070780565,0.043246575
Q9ERU9,Ranbp2,E3 SUMO-protein ligase RanBP2,1.247316203,1.157093318
P62274,Rps29,40S ribosomal protein S29,-0.121858588,0.066030886
F8VQJ3,Lamc1,"Isoform of P02468, Laminin subunit gamma-1",-0.481751729,0.423423686
Q6NVF9,Cpsf6,Cleavage and polyadenylation specificity factor subunit 6,0.733037612,0.560632292
A2A8V8,Srrm1,"Isoform of Q52KI8, Serine/arginine repetitive matrix protein 1",-0.045591549,0.029745814
P63154,Crnkl1,Crooked neck-like protein 1,0.780769085,0.454602552
P68404,Prkcb,Protein kinase C beta type,-0.555139617,0.239233556
E9QPX3,Ndufs4,"Isoform of Q9CXZ1, NADH dehydrogenase [ubiquinone] iron-sulfur protein 4, mitochondrial",0.234405211,0.152687828
P28659,Celf1,CUGBP Elav-like family member 1,-0.695223659,1.838774561
P83870,Phf5a,PHD finger-like domain-containing protein 5A,-0.093201847,0.100195018
D3Z1U9,Ndufv1,"Isoform of Q91YT0, NADH dehydrogenase [ubiquinone] flavoprotein 1, mitochondrial",0.370306863,0.539928234
Q9CXS4,Cenpv,Centromere protein V,0.184906837,0.1396115
P41105,Rpl28,60S ribosomal protein L28,-0.43146906,0.721490763
P63325,Rps10,40S ribosomal protein S10,-1.111495823,1.188813447
Q9CR57,Rpl14,60S ribosomal protein L14,0.425677721,0.348257004
P60335,Pcbp1,Poly(rC)-binding protein 1,0.168830243,0.102813853
Q8VDS4,Rprd1a,Regulation of nuclear pre-mRNA domain-containing protein 1A,-0.743921809,0.610355143
P62830,Rpl23,60S ribosomal protein L23,0.541842849,0.297455959
Q9CZU6,Cs,"Citrate synthase, mitochondrial",-0.027158413,0.028249734
Q99K48,Nono,Non-POU domain-containing octamer-binding protein,0.290762616,0.589190749
E9PWZ3,Rpl3l,Protein Rpl3l,-0.520880399,0.558579817
P14873,Map1b,Microtubule-associated protein 1B,0.226176155,0.119797715
Q9CWF2,Tubb2b,Tubulin beta-2B chain,-1.767553666,1.611729734
Q7TQF7,Amph,Amphiphysin,0.057115808,0.026109759
S4R1W1,Gm3839,Glyceraldehyde-3-phosphate dehydrogenase,0.340382435,0.084573225
Q9JKC6,Cend1,Cell cycle exit and neuronal differentiation protein 1,0.218329119,0.11637975
Q8K0H5,Taf10,Transcription initiation factor TFIID subunit 10,0.166770956,0.211253512
A2AR02,Ppig,Peptidyl-prolyl cis-trans isomerase G,-0.860094388,2.289745502
P48758,Cbr1,Carbonyl reductase [NADPH] 1,-0.869380041,0.963266707
Q80UW8,Polr2e,"DNA-directed RNA polymerases I, II, and III subunit RPABC1",-0.666485804,0.33588789
D3YW09,Sf3a2,"Isoform of Q62203, Splicing factor 3A subunit 2",0.7047576,0.928343823
P84089,Erh,Enhancer of rudimentary homolog,0.175511599,0.452309978
Q9JKK7,Tmod2,Tropomodulin-2,0.001555819,0.015817889
Q62093,Srsf2,Serine/arginine-rich splicing factor 2,0.504838648,0.885396382
Q8R480,Nup85,Nuclear pore complex protein Nup85,0.564596598,0.103659481
O35900,Lsm2,U6 snRNA-associated Sm-like protein LSm2,0.192322431,0.186996247
Q3UPR7,Tmem102,Transmembrane protein 102,0.309566422,0.212725547
Q9CR68,Uqcrfs1,"Cytochrome b-c1 complex subunit Rieske, mitochondrial",0.321021969,0.184430029
Q8CB77,Tceb3,Transcription elongation factor B polypeptide 3,-1.216568451,0.975371294
Q91VE6,Nifk,MKI67 FHA domain-interacting nucleolar phosphoprotein,-1.284534551,0.479841447
F6T0A8,Adck3,"Isoform of Q60936, Atypical kinase ADCK3, mitochondrial",0.097323179,0.077405205
D3YYN7,Atp1a2,"Isoform of Q6PIE5, Sodium/potassium-transporting ATPase subunit alpha-2",-0.035117595,0.032844522
O88532,Zfr,Zinc finger RNA-binding protein,0.213531747,0.254334366
Q9QYG0,Ndrg2,Protein NDRG2,-1.317341883,1.459641473
P84104,Srsf3,Serine/arginine-rich splicing factor 3,0.279170998,1.080731866
Q8VH51,Rbm39,RNA-binding protein 39,-0.299458621,0.406819166
Q923D4,Sf3b5,Splicing factor 3B subunit 5,0.288984748,0.821877279
A2AL12,Hnrnpa3,"Isoform of Q8BG05, Heterogeneous nuclear ribonucleoprotein A3",0.000333928,0.000218393
Q80U93,Nup214,Nuclear pore complex protein Nup214,0.333365091,0.540044495
D3Z4A4,Prdx2,"Isoform of Q61171, Peroxiredoxin-2",-0.607056457,0.3725295
Q6VGS5,Ccdc88c,Protein Daple,-0.042140529,0.054955855
D3Z4D9,C2cd3,"Isoform of Q52KB6, C2 domain-containing protein 3",0.159422312,0.132325952
Q6GSS7,Hist2h2aa1,Histone H2A type 2-A,0.504940157,1.163193439
Q7M739,Tpr,"Isoform of F6ZDS4, Nuclear pore complex-associated intranuclear coiled-coil protein TPR",0.472315127,0.421194902
F6ZDS4,Tpr,Nucleoprotein TPR,0.111271666,0.110130625
G3UZK4,Rpl18,"Isoform of P35980, 60S ribosomal protein L18",0.025069684,0.003726648
Q9CQU1,Mfap1,Microfibrillar-associated protein 1,0.967389011,0.689292196
P19246,Nefh,Neurofilament heavy polypeptide,0.079325894,0.012434926
Q9CQ69,Uqcrq,Cytochrome b-c1 complex subunit 8,-0.8003338,0.845008795
P47915,Rpl29,60S ribosomal protein L29,-0.764846583,0.507169484
P43274,Hist1h1e,Histone H1.4,0.048615201,0.037909098
Q9JKS4,Ldb3,LIM domain-binding protein 3,0.753641982,0.463355436
Q9Z2Y3,Homer1,Homer protein homolog 1,0.403677345,0.293107998
Q9WV02,Rbmx,"RNA-binding motif protein, X chromosome",-0.969475187,0.431074357
A0A0A6YW67,Gm8797,"MCG23377, isoform CRA_b",-0.547070223,0.219597743
Q9CX86,Hnrnpa0,Heterogeneous nuclear ribonucleoprotein A0,0.690562899,1.348916983
O35737,Hnrnph1,Heterogeneous nuclear ribonucleoprotein H,0.231346772,0.376124479
Q7TNV0,Dek,Protein DEK,0.95091136,0.675574829
Q8BH80,Vapb,"Isoform of Q9QY76, Vesicle-associated membrane protein, associated protein B and C",-0.055707822,0.021204624
Q6ZQI3,Mlec,Malectin,-0.668828034,0.38300484
P99029,Prdx5,"Peroxiredoxin-5, mitochondrial",-1.783927794,0.726186067
Q9WV92,Epb41l3,Band 4.1-like protein 3,-0.217883656,0.106337635
O70172,Pip4k2a,Phosphatidylinositol 5-phosphate 4-kinase type-2 alpha,-0.018219417,0.020766999
Q80VD1,Fam98b,Protein FAM98B,0.55742839,0.386397944
Q9QXV0,Pcsk1n,ProSAAS,0.515919786,0.195537855
Q9CQI3,Gmfb,Glia maturation factor beta,-0.640212031,1.051416656
P48678,Lmna,Prelamin-A/C,0.430366599,0.672216721
P14206,Rpsa,40S ribosomal protein SA,0.206245341,0.303274958
Q8BYI9,Tnr,Tenascin-R,-0.020380922,0.006629652
Q921M3,Sf3b3,Splicing factor 3B subunit 3,0.871954515,0.92680135
Q61990,Pcbp2,Poly(rC)-binding protein 2,0.291187004,0.214985331
Q99P88,Nup155,Nuclear pore complex protein Nup155,0.563145881,0.44767666
G5E924,Hnrnpl,"Isoform of Q8R081, Heterogeneous nuclear ribonucleoprotein L",0.2059916,0.359652077
E9QML5,Zfp638,"Isoform of Q61464, Zinc finger protein 638",-0.291501977,0.409800983
Q9D2G2,Dlst,"2-oxoglutarate dehydrogenase complex, mitochondrial",-0.752839126,0.352130151
Q9Z315,Sart1,U4/U6.U5 tri-snRNP-associated protein 1,0.435846472,0.282410111
Q60972,Rbbp4,Histone-binding protein RBBP4,0.162016348,0.210443376
B1AXZ4,Elavl2,"Isoform of Q60899, ELAV-like protein",0.862104774,0.333647835
Q9JIX0,Eny2,Transcription and mRNA export factor ENY2,0.407962714,0.725304437
Q9CR51,Atp6v1g1,V-type proton ATPase subunit G 1,-0.490312969,0.255237628
P60824,Cirbp,Cold-inducible RNA-binding protein,0.72262111,0.434653643
O35344,Kpna3,Importin subunit alpha-4,0.13186209,0.146430311
Q6ZWZ7,Rpl17,"Isoform of Q9CPR4, 60S ribosomal protein L17",0.111974789,0.101209603
Q9CRA2,Pdlim5,"Isoform of Q8CI51, PDZ and LIM domain protein 5",0.563909048,0.665199787
D6RG95,Ythdc1,"Isoform of E9Q5K9, YTH domain-containing protein 1",0.273680281,0.566160365
Q8C2Q3,Rbm14,RNA-binding protein 14,0.339110199,0.327866117
P60879,Snap25,Synaptosomal-associated protein 25,0.04342793,0.001233915
P53986,Slc16a1,Monocarboxylate transporter 1,0.081891229,0.060722897
P20357,Map2,Microtubule-associated protein 2,0.188179232,0.138285998
Q91Z69,Srgap1,SLIT-ROBO Rho GTPase-activating protein 1,0.608139637,0.377350382
P47911,Rpl6,60S ribosomal protein L6,-0.969616351,0.653086626
D3Z4B0,Srsf11,"Isoform of E9Q6E5, Protein Srsf11",0.754426232,0.838837818
E9Q9K5,Trdn,Triadin,-0.197766933,0.157723064
D3YYW8,Rbm42,"Isoform of Q91V81, RNA-binding protein 42",-0.056750936,0.033910723
P05977,Myl1,"Myosin light chain 1/3, skeletal muscle isoform",-0.594430512,0.265330532
Q8K019,Bclaf1,Bcl-2-associated transcription factor 1,-0.087454106,0.086711911
B8JKK2,Rpl15,"Isoform of Q9CZM2, Ribosomal protein L15",0.107805666,0.063191294
G5E866,Sf3b1,"Isoform of Q99NB9, Splicing factor 3B subunit 1",0.747166547,0.917321194
Q8BZ71,Stac3,SH3 and cysteine-rich domain-containing protein 3,-0.176014586,0.132026426
O88291,Znf326,DBIRD complex subunit ZNF326,-0.055803084,0.047675252
P34884,Mif,Macrophage migration inhibitory factor,0.05314728,0.0143736
Q80ZM5,H1fx,"H1 histone family, member X",0.218873161,0.216057225
Q62318,Trim28,Transcription intermediary factor 1-beta,1.086419584,1.447111438
P68510,Ywhah,14-3-3 protein eta,-0.308444974,0.206219793
P09671,Sod2,"Superoxide dismutase [Mn], mitochondrial",-0.175769599,0.092503069
Q8C0L0,Tmx4,Thioredoxin-related transmembrane protein 4,0.385513418,0.363656744
P60122,Ruvbl1,RuvB-like 1,0.396301721,0.701847333
O08583,Alyref,THO complex subunit 4,0.31379606,0.557014358
P18872,Gnao1,Guanine nucleotide-binding protein G(o) subunit alpha,0.55275539,0.168290081
O35295,Purb,Transcriptional activator protein Pur-beta,-0.093379897,0.080854309
Q78PY7,Snd1,Staphylococcal nuclease domain-containing protein 1,0.776182883,0.646385105
Q9D883,U2af1,Splicing factor U2AF 35 kDa subunit,-1.276001485,0.716212953
Q62241,Snrpc,U1 small nuclear ribonucleoprotein C,0.097906482,0.138284441
Q8BI08,Mal2,Protein MAL2,-0.226315196,0.096653629
Q9Z1M8,Ik,Protein Red,0.418474822,0.509524701
Q6IRU5,Cltb,Clathrin light chain B,-0.849999366,0.392598015
E9PUL5,Prrt2,Proline-rich transmembrane protein 2,0.514693281,0.248594279
Q9DCW4,Etfb,Electron transfer flavoprotein subunit beta,-0.710680685,0.854764979
Q921K2,Parp1,"Isoform of P11103, Poly (ADP-ribose) polymerase family, member 1",0.201676673,0.257422593
P99024,Tubb5,Tubulin beta-5 chain,0.3019178,0.242234596
P62814,Atp6v1b2,"V-type proton ATPase subunit B, brain isoform",1.308121479,0.521050478
O88569,Hnrnpa2b1,Heterogeneous nuclear ribonucleoproteins A2/B1,-0.09608261,0.197881681
Q6P8J7,Ckmt2,"Creatine kinase S-type, mitochondrial",-0.268422342,0.178723949
Q6PFR5,Tra2a,Transformer-2 protein homolog alpha,0.326089792,0.40824399
Q9CQQ7,Atp5f1,"ATP synthase F(0) complex subunit B1, mitochondrial",0.607334348,0.681424463
Q9JL35,Hmgn5,High mobility group nucleosome-binding domain-containing protein 5,-0.071431695,0.049952139
P80314,Cct2,T-complex protein 1 subunit beta,-0.289988289,0.150168566
P20029,Hspa5,78 kDa glucose-regulated protein,0.083808769,0.069975513
F6ZBL2,Mib1,"Isoform of Q80SY4, E3 ubiquitin-protein ligase MIB1",-0.010932626,6.30E-05
Q91VL8,Terf2ip,Telomeric repeat-binding factor 2-interacting protein 1,0.083790623,0.042904279
Q9JHS9,Cwc15,Spliceosome-associated protein CWC15 homolog,0.045725343,0.032659924
P29341,Pabpc1,Polyadenylate-binding protein 1,-0.635035829,0.459392514
Q9Z103,Adnp,Activity-dependent neuroprotector homeobox protein,1.286420814,1.290439493
Q9R1C7,Prpf40a,Pre-mRNA-processing factor 40 homolog A,-0.571506497,0.435876373
P97427,Crmp1,Dihydropyrimidinase-related protein 1,0.045454884,0.000786477
Q9DBJ1,Pgam1,Phosphoglycerate mutase 1,1.221332912,0.393299965
E9Q279,Ptbp1,"Isoform of P17225, Polypyrimidine tract-binding protein 1",-0.096904803,0.079824134
Q8R1M2,H2afj,Histone H2A.J,-0.904140252,1.593898508
V9GXT5,Nav2,"Isoform of E9Q842, Protein Nav2",0.003376887,0.000730066
P62869,Tceb2,Transcription elongation factor B polypeptide 2,-0.427652092,0.269776748
Q9JIG8,Praf2,PRA1 family protein 2,-0.725758355,0.529641866
Q640R3,Hepacam,Hepatocyte cell adhesion molecule,-0.380338899,0.350768333
Q9QYS9,Qki,Protein quaking,-0.239360263,0.258569386
E9Q070,Gm8730,Uncharacterized protein,-0.460376528,0.350197745
Q9CQI7,Snrpb2,U2 small nuclear ribonucleoprotein B'',1.108843529,2.323473331
Q99N28,Cadm3,Cell adhesion molecule 3,-0.171664156,0.106035977
Q8CI03,Flywch1,FLYWCH-type zinc finger-containing protein 1,-0.530461019,0.651860296
Q80TB8,Vat1l,Synaptic vesicle membrane protein VAT-1 homolog-like,-0.484877954,0.853812163
O35730,Ring1,E3 ubiquitin-protein ligase RING1,-0.297239398,0.36156233
E9Q0T8,Dnah7a,Protein Dnah7a,-0.039122095,0.019571245
Q9CR62,Slc25a11,Mitochondrial 2-oxoglutarate/malate carrier protein,0.3495622,0.40922444
A2APA3,Cstf1,"Isoform of Q99LC2, Cleavage stimulation factor subunit 1",0.48627758,0.69727812
Q64525,Hist2h2bb,Histone H2B type 2-B,0.750273036,1.873325689
P63158,Hmgb1,High mobility group protein B1,1.178121749,1.373019628
G3X8Z3,Ccdc146,"Isoform of E9Q9F7, MCG120103, isoform CRA_b",0.155951859,0.153135217
E9Q6R3,Sec22b,"Isoform of O08547, Vesicle-trafficking protein SEC22b",0.640845825,0.443123324
P56391,Cox6b1,Cytochrome c oxidase subunit 6B1,0.899567718,0.55373906
Q8CGY8,Ogt,UDP-N-acetylglucosamine--peptide N-acetylglucosaminyltransferase 110 kDa subunit,-0.010618025,0.009297438
Q9R0U0,Srsf10,Serine/arginine-rich splicing factor 10,0.085078763,0.112135952
Q61937,Npm1,Nucleophosmin,0.128662274,0.213322199
P62806,Hist1h4a,Histone H4,0.447222766,0.616839633
G3UZ34,Eftud2,"Isoform of O08810, 116 kDa U5 small nuclear ribonucleoprotein component",0.97846563,1.410059899
P49586,Pcyt1a,Choline-phosphate cytidylyltransferase A,0.628937189,0.371679372
B1ARW4,Ndufs5,"Isoform of Q99LY9, NADH dehydrogenase [ubiquinone] iron-sulfur protein 5",-0.155879187,0.095574138
E9QPT4,Phc3,"Isoform of Q8CHP6, Polyhomeotic-like protein 3",-0.038419051,0.024246761
P63011,Rab3a,Ras-related protein Rab-3A,0.230289609,0.115803917
Q9QYR6,Map1a,Microtubule-associated protein 1A,0.818224085,0.447897602
Q9QX47,Son,Protein SON,0.166418995,0.117825723
Q8C078,Camkk2,Calcium/calmodulin-dependent protein kinase kinase 2,-0.167250653,0.125365142
Q9CWE0,Mtfr1l,Mitochondrial fission regulator 1-like,-0.306042222,0.327494293
Q9CRB6,Tppp3,Tubulin polymerization-promoting protein family member 3,-0.282747054,0.130398407
P35979,Rpl12,60S ribosomal protein L12,0.567918684,0.350987664
Q8C2Q8,Atp5c1,"Isoform of Q91VR2, ATP synthase subunit gamma",1.175426254,0.60996471
P62849,Rps24,40S ribosomal protein S24,-0.529488901,0.346910737
Q8BTI8,Srrm2,Serine/arginine repetitive matrix protein 2,0.013284897,0.015668664
F8WHF9,Sf1,"Isoform of Q64213, Splicing factor 1",-0.041382096,0.039111544
Q8BMK4,Ckap4,Cytoskeleton-associated protein 4,-0.470927469,1.169547428
P70399,Tp53bp1,Tumor suppressor p53-binding protein 1,0.826820797,0.735254601
Q923D5,Wbp11,WW domain-binding protein 11,0.927971407,0.687576055
Q8R3Y5,C19orf47,Uncharacterized protein C19orf47 homolog,0.392674117,0.219525657
P17665,Cox7c,"Cytochrome c oxidase subunit 7C, mitochondrial",0.219774771,0.136199188
P43277,Hist1h1d,Histone H1.3,-0.204262227,0.085122612
Q9D4T3,Pelp1,"Isoform of Q9DBD5, Proline, glutamic acid and leucine rich protein 1, isoform CRA_b",0.050689158,0.055303711
P62313,Lsm6,U6 snRNA-associated Sm-like protein LSm6,-0.358383259,0.2494479
Q810A7,Ddx42,ATP-dependent RNA helicase DDX42,0.178834403,0.13678073
Q8CGC6,Rbm28,RNA-binding protein 28,-0.516795864,0.289439661
P63040,Cplx1,Complexin-1,-1.086900546,0.584661654
P62307,Snrpf,Small nuclear ribonucleoprotein F,1.111315913,0.638717839
P46061,Rangap1,Ran GTPase-activating protein 1,0.485167857,0.825086436
G5E8R3,Pcx,"Isoform of Q05920, Pyruvate carboxylase",-0.027440597,0.026088719
Q9R0L6,Pcm1,Pericentriolar material 1 protein,0.165744496,0.170120175
G3UX35,Smarca4,"Isoform of Q3TKT4, Transcription activator BRG1",-0.079676335,0.121958277
Q3THK3,Gtf2f1,General transcription factor IIF subunit 1,-0.216907794,0.138831079
P60761,Nrgn,Neurogranin,0.013043192,0.003723311
E9Q5C9,Nolc1,Protein Nolc1,0.258059295,0.461671649
D3YWC2,Arl6ip4,"Isoform of Q9JM93, ADP-ribosylation factor-like 6 interacting protein 4",0.047494115,0.021512341
Q9WVA3,Bub3,Mitotic checkpoint protein BUB3,-0.004829164,0.013166581
G3UWL6,Ube2i,"Isoform of P63280, SUMO-conjugating enzyme UBC9",0.23673738,0.398818144
Q6P542,Abcf1,ATP-binding cassette sub-family F member 1,0.526599646,0.639836703
P27546,Map4,Microtubule-associated protein 4,-0.740186529,0.508213184
P04370,Mbp,Myelin basic protein,0.803084442,0.339278626
D3Z0S6,Snrpa,"Isoform of Q62189, U1 small nuclear ribonucleoprotein A",0.383099453,1.095342121
Q3TXT3,Inip,SOSS complex subunit C,0.614159821,0.671826107
Q6DVA0,Lemd2,LEM domain-containing protein 2,0.147261538,0.090438053
Q9WTX8,Mad1l1,Mitotic spindle assembly checkpoint protein MAD1,0.790995229,0.39972815
A0A0G2JD95,Rsbn1,"Isoform of Q80T69, Round spermatid basic protein 1",1.489984224,2.333015542
D3Z7R4,Syt1,"Isoform of P46096, Synaptotagmin-1",-2.026271757,2.277095524
Q9D787,Ppil2,Peptidyl-prolyl cis-trans isomerase-like 2,0.201307907,0.19209783
Q61029,Tmpo,"Lamina-associated polypeptide 2, isoforms beta/delta/epsilon/gamma",0.946484403,0.840130984
D3Z0V9,Sun1,"Isoform of Q9D666, SUN domain-containing protein 1",-0.460936056,0.312507601
Q6PDM2,Srsf1,Serine/arginine-rich splicing factor 1,0.569291938,1.586333186
O70209,Pdlim3,PDZ and LIM domain protein 3,-0.095669923,0.085207991
A0A0G2JFH2,Map4,"Isoform of P27546, Microtubule-associated protein 4",-0.741073726,0.673798353
Q9CY57,Chtop,PRMT1 protein,-0.334863729,0.232239832
Q99LF4,Rtcb,tRNA-splicing ligase RtcB homolog,0.931143436,0.409022076
Q99KJ8,Dctn2,Dynactin subunit 2,-0.105866181,0.047090307
D3YWT1,Hnrnph3,"Isoform of D3Z3N4, MCG11326, isoform CRA_b",0.303219003,0.284493338
Q3TZX8,Nol9,Polynucleotide 5'-hydroxyl-kinase NOL9,0.265365335,0.175988174
Q61699,Hsph1,Heat shock protein 105 kDa,-0.512249161,0.407592719
H7BXC3,Tpi1,"Isoform of P17751, Triosephosphate isomerase",0.25161998,0.065563041
O88712,Ctbp1,C-terminal-binding protein 1,0.119418383,0.06260518
G3X956,Supt16,"Isoform of Q920B9, FACT complex subunit SPT16",0.179832663,0.126781015
P49312,Hnrnpa1,Heterogeneous nuclear ribonucleoprotein A1,-0.014718811,0.018627933
P10922,H1f0,Histone H1.0,0.106355296,0.070623501
D3YTQ3,Hnrnpdl,"Isoform of Q9Z130, Heterogeneous nuclear ribonucleoprotein D-like",-0.066470284,0.106800205
Q9D0E1,Hnrnpm,Heterogeneous nuclear ribonucleoprotein M,0.042235545,0.056947611
F8WJG3,Tra2b,"Isoform of P62996, Transformer-2 protein homolog beta",-0.292501382,0.38933735
Q9CYI4,Luc7l,Putative RNA-binding protein Luc7-like 1,-0.468235822,0.456940429
A1BN54,Actn1,"Isoform of Q7TPR4, Alpha actinin 1a",0.333140408,0.576689243
Q9CXY6,Ilf2,Interleukin enhancer-binding factor 2,0.611723003,0.493270994
A2A6I8,Tnnt3,"Isoform of Q9QZ47, Troponin T, fast skeletal muscle",-0.187242577,0.262462579
P47955,Rplp1,60S acidic ribosomal protein P1,1.232329751,0.829090463
Q8R4H7,Nags,"N-acetylglutamate synthase, mitochondrial",-0.328603928,0.43305446
Q8VIJ6,Sfpq,"Splicing factor, proline- and glutamine-rich",0.324350721,0.736135786
D3Z786,Mpc1,"Isoform of P63030, Mitochondrial pyruvate carrier 1",0.07424952,0.04650406
P47962,Rpl5,60S ribosomal protein L5,-0.254508306,0.348040142
Q8CGZ0,Cherp,Calcium homeostasis endoplasmic reticulum protein,0.675977438,0.356122738
Q921T2,Tor1aip1,Torsin-1A-interacting protein 1,0.580790925,0.22938174
P62908,Rps3,40S ribosomal protein S3,0.002516026,0.003237362
Q9Z0H4,Celf2,CUGBP Elav-like family member 2,0.375998992,0.336899901
Q8K4Q8,Colec12,Collectin-12,-0.061368181,0.083624922
Q60865,Caprin1,Caprin-1,0.166763975,0.342230896
Q64524,Hist2h2be,Histone H2B type 2-E,0.447363029,1.013271593
G3XA10,Gm28062,"Heterogeneous nuclear ribonucleoprotein U, isoform CRA_b",0.01803189,0.033270185
P62631,Eef1a2,Elongation factor 1-alpha 2,0.74275205,1.299639994
Q91W39,Ncoa5,Nuclear receptor coactivator 5,0.626941083,0.35453638
Q64511,Top2b,DNA topoisomerase 2-beta,-0.755586535,0.695894821
P48962,Slc25a4,ADP/ATP translocase 1,-0.169526863,0.075253495
F7BUB8,Epb4.1,"Isoform of P48193, Protein 4.1",0.414761125,0.475495335
E9Q7Q3,Tpm3,"Isoform of P21107, Tropomyosin alpha-3 chain",-0.270223802,0.10027314
Q62376,Snrnp70,U1 small nuclear ribonucleoprotein 70 kDa,-0.358934818,0.23233841
Q9WTM5,Ruvbl2,RuvB-like 2,0.296184375,0.240385536
Q8R429,Atp2a1,Sarcoplasmic/endoplasmic reticulum calcium ATPase 1,-0.33344256,0.209622992
Q8BJS4,Sun2,SUN domain-containing protein 2,0.234039751,0.109535212
Q9QZE5,Copg1,Coatomer subunit gamma-1,-1.149962422,0.667904082
Q9CQV8,Ywhab,14-3-3 protein beta/alpha,0.55907653,0.28771293
A2AKU9,Atp5c1,"Isoform of Q91VR2, ATP synthase subunit gamma",-0.534078563,0.388571193
Q921F2,Tardbp,TAR DNA-binding protein 43,0.419243256,1.04005824
O09165,Casq1,Calsequestrin-1,0.394998044,0.207803228
Q6ZWY8,Tmsb10,Thymosin beta-10,-1.347330039,1.168640801
P62264,Rps14,40S ribosomal protein S14,0.266172786,0.514333991
M0QWU8,Dbi,"Isoform of P31786, Acyl-CoA-binding protein",0.127252465,0.056310552
Q8K2T8,Paf1,RNA polymerase II-associated factor 1 homolog,0.425029075,0.398536268
Q9Z2X1,Hnrnpf,Heterogeneous nuclear ribonucleoprotein F,0.350687404,0.712071733
Q60987,Foxg1,Forkhead box protein G1,0.119119711,0.132035067
Q9D0T1,Nhp2l1,NHP2-like protein 1,-0.130684722,0.124366123
Q922U1,Prpf3,U4/U6 small nuclear ribonucleoprotein Prp3,-0.855046535,0.76860241
Q9R1P4,Psma1,Proteasome subunit alpha type-1,-0.120785486,0.112198408
Q69Z99,Znf512,Zinc finger protein 512,0.111107434,0.063117558
P97863,Nfib,Nuclear factor 1 B-type,0.321574406,0.204496156
Q8VDP4,Ccar2,Cell cycle and apoptosis regulator protein 2,0.572930513,0.594090984
Q3TMP8,Tmem38a,Trimeric intracellular cation channel type A,0.908808985,0.67117676
P67778,Phb,Prohibitin,-0.568195948,0.263259502
P62322,Lsm5,U6 snRNA-associated Sm-like protein LSm5,0.768765996,0.545109103
Q9CW03,Smc3,Structural maintenance of chromosomes protein 3,0.505259539,0.621654422
Q64522,Hist2h2ab,Histone H2A type 2-B,1.214212926,1.100882768
Q8CH25,Sltm,SAFB-like transcription modulator,0.282406272,0.383032182
E9PUC5,Psd3,"Isoform of Q2PFD7, PH and SEC7 domain-containing protein 3",-0.016338404,0.01674897
Q9DCT2,Ndufs3,"NADH dehydrogenase [ubiquinone] iron-sulfur protein 3, mitochondrial",0.614906706,0.808983067
Q61191,Hcfc1,Host cell factor 1,1.303252026,1.309211862
O88569,Hnrnpa2b1,Heterogeneous nuclear ribonucleoproteins A2/B1,1.099756075,1.07638967
S4R1C4,Atp2b2,"Isoform of Q9R0K7, Calcium-transporting ATPase",1.728493082,0.645977104
Q9CZX8,Rps19,40S ribosomal protein S19,-0.266873156,0.199721467
P10853,Hist1h2bf,Histone H2B type 1-F/J/L,0.294095559,0.6268738
P62309,Snrpg,Small nuclear ribonucleoprotein G,0.788975708,1.171342068
P84244,H3f3a,Histone H3.3,0.382313214,0.394027918
Q60668,Hnrnpd,Heterogeneous nuclear ribonucleoprotein D0,0.057896093,0.06211198
H3BKM2,Zc3hc1,ALK,0.345177505,0.119848365
Q00PI9,Hnrnpul2,Heterogeneous nuclear ribonucleoprotein U-like protein 2,0.279042826,0.419693098
P67984,Rpl22,60S ribosomal protein L22,1.024248462,1.101566876
E9QN08,Eef1d,"Isoform of P57776, Elongation factor 1-delta",0.49595226,0.324302854
B0R1E3,Hint1,"Isoform of P70349, Histidine triad nucleotide-binding protein 1",-1.331456992,1.083869424
Q9CU62,Smc1a,Structural maintenance of chromosomes protein 1A,0.876254601,1.592733029
Q8BH74,Nup107,Nuclear pore complex protein Nup107,0.092183866,0.042054193
Q9JLH8,Tmod4,Tropomodulin-4,0.272820684,0.290873782
P13541,Myh3,Myosin-3,-0.292929495,0.209634249
Q5EBG6,Hspb6,Heat shock protein beta-6,0.27809578,0.220120278
Q9Z2D6,Mecp2,Methyl-CpG-binding protein 2,0.491049332,0.707414234
Q9CQS2,Nop10,H/ACA ribonucleoprotein complex subunit 3,0.62428273,0.481491506
A1L3S7,Gatad2b,"Isoform of Q8VHR5, Gatad2b protein",-0.170932009,0.157302708
Q9JKB3,Ybx3,Y-box-binding protein 3,0.863681423,0.59391627
Q91VM5,Rbmxl1,"RNA binding motif protein, X-linked-like-1",0.148532655,0.244639526
Q9Z0W3,Nup160,Nuclear pore complex protein Nup160,0.842496143,1.225271022
Q3UN88,Mcpt4,"Isoform of P21812, Mast cell protease 4",0.13029512,0.097440311
Q8BKL1,Ss18,"Isoform of Q62280, Protein SSXT",0.61647807,0.466242512
P46460,Nsf,Vesicle-fusing ATPase,0.144039543,0.07225653
P27661,H2afx,Histone H2AX,0.42374512,0.868119824
A0A0B4J1E2,Snw1,"Isoform of Q9CSN1, SNW domain-containing protein 1",-0.218628841,0.227509497
J3QNY1,Gm9242,Protein Gm9242,0.217692314,0.468693865
E9QJU4,Myoz3,"Isoform of Q8R4E4, Myozenin-3",-1.017540463,1.105935918
Q8C5U4,C17orf74,Uncharacterized protein C17orf74 homolog,-0.20301972,0.311450349
Q91Z49,Fyttd1,UAP56-interacting factor,-0.273431806,0.152421907
P08551,Nefl,Neurofilament light polypeptide,-0.258317716,0.088815949
E9QMX7,Arhgap30,"Isoform of Q640N3, Rho GTPase-activating protein 30",-1.296051957,2.151467819
Q8C1B7,11-Sep,Septin-11,-0.352669776,0.158737903
Q9CPP0,Npm3,Nucleoplasmin-3,-0.207797379,0.186291327
P31648,Slc6a1,Sodium- and chloride-dependent GABA transporter 1,-0.153631328,0.136683156
Q9R0Y5,Ak1,Adenylate kinase isoenzyme 1,1.186614324,0.427531564
Q8K310,Matr3,Matrin-3,0.086219391,0.119957761
B1ATS4,Atp2a3,"Isoform of Q64518, Calcium-transporting ATPase",-0.646101976,0.452870863
Q569Z6,Thrap3,Thyroid hormone receptor-associated protein 3,-0.127095819,0.077147764
Q922P9,Glyr1,Putative oxidoreductase GLYR1,1.371778841,0.96430717
E9PVI4,Unc5c,"Isoform of O08747, Netrin receptor UNC5C",-0.275699616,0.101513061
P62827,Ran,GTP-binding nuclear protein Ran,0.768631836,0.486550632
B2RY56,Rbm25,RNA-binding protein 25,0.247473808,0.253127933
P48678,Lmna,Prelamin-A/C,1.327469219,2.48714607
Q61644,Pacsin1,Protein kinase C and casein kinase substrate in neurons protein 1,1.139179407,0.327927617
Q3UMU9,Hdgfrp2,Hepatoma-derived growth factor-related protein 2,-0.137010476,0.137142
Q7TNT2,Far2,Fatty acyl-CoA reductase 2,1.393708265,1.431004676
G3UVU8,Supt4a,"Isoform of P63271, MCG7669, isoform CRA_a",0.50186861,0.210631751
G3UZI2,Syncrip,"Isoform of Q7TMK9, Heterogeneous nuclear ribonucleoprotein Q",0.127642041,0.058690689
Q99LC3,Ndufa10,"NADH dehydrogenase [ubiquinone] 1 alpha subcomplex subunit 10, mitochondrial",0.511035871,0.193771641
Q99JY0,Hadhb,"Trifunctional enzyme subunit beta, mitochondrial",-0.872619684,0.833134414
E9QNN1,Dhx9,"Isoform of O70133, ATP-dependent RNA helicase A",0.78418897,0.691264136
P08113,Hsp90b1,Endoplasmin,-0.059201116,0.033431371
Q9QZQ8,H2afy,Core histone macro-H2A.1,0.496341739,0.34102916
Q8CJF7,Ahctf1,Protein ELYS,-0.637918497,0.551784413
A2AEX8,Fhl1,"Isoform of P97447, Four and a half LIM domains 1, isoform CRA_b",0.113185108,0.069486163
Q9JIK5,Ddx21,Nucleolar RNA helicase 2,0.588536019,0.227597617
Q9CR67,Tmem33,Transmembrane protein 33,0.816245559,0.36743846
P32067,Ssb,Lupus La protein homolog,0.620077152,0.55780585
Q60900,Elavl3,ELAV-like protein 3,0.615214539,0.442613814
Q8K212,Pacs1,Phosphofurin acidic cluster sorting protein 1,-1.541403459,1.056806338
P68040,Gnb2l1,Guanine nucleotide-binding protein subunit beta-2-like 1,0.738248004,0.757636533
P47857,Pfkm,"ATP-dependent 6-phosphofructokinase, muscle type",0.186263864,0.09047224
Q91YQ5,Rpn1,Dolichyl-diphosphooligosaccharide--protein glycosyltransferase subunit 1,0.365511522,0.195521329
Q60749,Khdrbs1,"KH domain-containing, RNA-binding, signal transduction-associated protein 1",0.030839307,0.042292217
O08539,Bin1,Myc box-dependent-interacting protein 1,-0.2612321,0.10003002
Q8QZT1,Acat1,"Acetyl-CoA acetyltransferase, mitochondrial",-1.081483404,0.549064475
P62320,Snrpd3,Small nuclear ribonucleoprotein Sm D3,0.291787469,0.627241365
P35550,Fbl,rRNA 2'-O-methyltransferase fibrillarin,-0.243223578,0.133278889
O35326,Srsf5,Serine/arginine-rich splicing factor 5,0.074360874,0.062044314
P62858,Rps28,40S ribosomal protein S28,-0.165068719,0.277953477
Q6A078,Cep290,Centrosomal protein of 290 kDa,0.530306104,0.8728737
P10852,Slc3a2,4F2 cell-surface antigen heavy chain,0.585366292,0.245669908
Q9Z1N5,Ddx39b,Spliceosome RNA helicase Ddx39b,0.936198431,0.355442907
E9QAS4,Chd4,"Isoform of Q6PDQ2, Chromodomain-helicase-DNA-binding protein 4",0.596332348,0.311965963
Q9D8E6,Rpl4,60S ribosomal protein L4,-0.397398072,0.493971273
O35343,Kpna4,Importin subunit alpha-3,0.194535511,0.179076407
P42669,Pura,Transcriptional activator protein Pur-alpha,0.851765145,0.844770981
Q99MR6,Srrt,Serrate RNA effector molecule homolog,0.744956558,0.590788619
A2A6A1,Gpatch8,G patch domain-containing protein 8,0.742193479,0.4563291
Q9R226,Khdrbs3,"KH domain-containing, RNA-binding, signal transduction-associated protein 3",0.303958852,0.36252912
Q9D6F9,Tubb4a,Tubulin beta-4A chain,0.145431005,0.133226358
P28654,Dcn,Decorin,-0.64929994,0.493027469
A2AW05,Ssrp1,"Isoform of Q08943, FACT complex subunit SSRP1",0.310702092,0.211024399
E9PYL9,Gm10036,Protein Gm10036,-0.069165662,0.115361112
Q3TEA8,Hp1bp3,Heterochromatin protein 1-binding protein 3,-0.405418625,0.187932348
Q8VHE6,Dnah5,"Dynein heavy chain 5, axonemal",0.514758538,0.544176985
Q8VHM5,Hnrnpr,Heterogeneous nuclear ribonucleoprotein R,0.293812027,0.344388919
P30275,Ckmt1,"Creatine kinase U-type, mitochondrial",0.049413746,0.024028257
Q6ZWY9,Hist1h2bc,Histone H2B type 1-C/E/G,0.735165072,0.69817977
Q91VJ5,Pqbp1,Polyglutamine-binding protein 1,0.047942391,0.040146175
P70168,Kpnb1,Importin subunit beta-1,-0.389469151,0.273286538
P62315,Snrpd1,Small nuclear ribonucleoprotein Sm D1,0.560701639,0.30672249
E9Q9W7,Pdzd7,Protein Pdzd7,-0.066799345,0.013578053
Q9CQF3,Nudt21,Cleavage and polyadenylation specificity factor subunit 5,0.748538007,1.012944115
Q8VDD5,Myh9,Myosin-9,0.524035224,0.145152731
D3YWX2,Ylpm1,"Isoform of Q9R0I7, YLP motif-containing protein 1",-0.219843131,0.207925566
Q8BH59,Slc25a12,Calcium-binding mitochondrial carrier protein Aralar1,-1.162268222,0.59156269
P62852,Rps25,40S ribosomal protein S25,0.66751664,0.477338239
Q8VE37,Rcc1,Regulator of chromosome condensation,1.366549221,1.710015784
Q80W68,Kirrel,IRRE-like protein 1,-0.201010212,0.109460592
Q99KK2,Cmas,N-acylneuraminate cytidylyltransferase,0.604646106,0.72515734
