# Output table from Spectronaut filtered for the comparison of Geriatric to Young mouse crypts isolated from jejunum only. Related to Figure 3 and S3.,,,,,,,,,,
,,,,,,,,,,
Comparison (group1/group2),Group,Genes,ProteinDescriptions,ProteinNames,# Unique Peptides,AVG Log Ratio,Absolute AVG Log Ratio,% Change,Ratio,Qvalue
ger jej / young jej,P97449,Anpep,Aminopeptidase N,AMPN_MOUSE,62,-0.717425287,0.717425287,-39.18181308,0.608181869,3.91E-15
ger jej / young jej,Q9D7Z6,Clca1,Calcium-activated chloride channel regulator 1,CLCA1_MOUSE,50,-0.744796395,0.744796395,-40.3247916,0.596752084,4.76E-15
ger jej / young jej,P00329,Adh1,Alcohol dehydrogenase 1,ADH1_MOUSE,24,1.420631766,1.420631766,167.7027142,2.677027142,1.31E-11
ger jej / young jej,Q61207,Psap,Prosaposin,SAP_MOUSE,25,0.867464125,0.867464125,82.44531761,1.824453176,1.06E-10
ger jej / young jej,Q8VC28,Akr1c13,Aldo-keto reductase family 1 member C13,AK1CD_MOUSE,23,1.049364924,1.049364924,106.9618599,2.069618599,1.74E-10
ger jej / young jej,Q8R086,Suox,"Sulfite oxidase, mitochondrial",SUOX_MOUSE,22,-1.309881568,1.309881568,-59.66460101,0.40335399,2.85E-10
ger jej / young jej,Q8VCT4,Ces1d,Carboxylesterase 1D,CES1D_MOUSE,27,1.06602633,1.06602633,109.3658774,2.093658774,2.85E-10
ger jej / young jej,Q62351,Tfrc,Transferrin receptor protein 1,TFR1_MOUSE,36,0.639400721,0.639400721,55.76819812,1.557681981,7.38E-10
ger jej / young jej,P04187,Gzmb,"Granzyme B(G,H)",GRAB_MOUSE,7,-1.212233901,1.212233901,-56.84002007,0.431599799,2.27E-09
ger jej / young jej,Q8BX90,Fndc3a,Fibronectin type-III domain-containing protein 3A,FND3A_MOUSE,25,-0.607130468,0.607130468,-34.34988096,0.65650119,2.61E-09
ger jej / young jej,Q9Z0Z4,Heph,Hephaestin,HEPH_MOUSE,36,-0.658174634,0.658174634,-36.63204487,0.633679551,1.68E-08
ger jej / young jej,Q61391,Mme,Neprilysin,NEP_MOUSE,46,-0.926932931,0.926932931,-47.4024659,0.525975341,1.69E-08
ger jej / young jej,P49312,Hnrnpa1,Heterogeneous nuclear ribonucleoprotein A1,ROA1_MOUSE,31,-0.657090247,0.657090247,-36.58439707,0.634156029,4.41E-08
ger jej / young jej,Q6Q473,Clca4a,Calcium-activated chloride channel regulator 4A,CLA4A_MOUSE,36,-0.744009078,0.744009078,-40.29221633,0.597077837,5.51E-08
ger jej / young jej,Q60604,Scin,Adseverin,ADSV_MOUSE,39,-0.670847654,0.670847654,-37.18624829,0.628137517,5.89E-08
ger jej / young jej,O88312,Agr2,Anterior gradient protein 2 homolog,AGR2_MOUSE,20,-0.868633986,0.868633986,-45.23348385,0.547665161,1.05E-07
ger jej / young jej,Q9QXD6,Fbp1,"Fructose-1,6-bisphosphatase 1",F16P1_MOUSE,15,1.042235136,1.042235136,105.9415791,2.059415791,1.51E-07
ger jej / young jej,Q3TTY0,Plb1,"Phospholipase B1, membrane-associated",PLB1_MOUSE,57,-1.041688085,1.041688085,-51.42412409,0.485758759,2.24E-07
ger jej / young jej,P50247,Ahcy,Adenosylhomocysteinase,SAHH_MOUSE,36,0.624102712,0.624102712,54.12519412,1.541251941,2.60E-07
ger jej / young jej,P46978,Stt3a,Dolichyl-diphosphooligosaccharide--protein glycosyltransferase subunit STT3A,STT3A_MOUSE,21,-0.718339264,0.718339264,-39.22033048,0.607796695,3.34E-07
ger jej / young jej,A2AFS3,Kiaa1324,UPF0577 protein KIAA1324,K1324_MOUSE,18,-0.852940202,0.852940202,-44.63447598,0.55365524,4.13E-07
ger jej / young jej,P28843,Dpp4,Dipeptidyl peptidase 4,DPP4_MOUSE,35,-0.759897768,0.759897768,-40.94618244,0.590538176,2.82E-06
ger jej / young jej,P27784,Ccl6,C-C motif chemokine 6,CCL6_MOUSE,12,-1.658748627,1.658748627,-68.32862576,0.316713742,3.65E-06
ger jej / young jej,Q64464,Cyp3a13,Cytochrome P450 3A13,CP3AD_MOUSE,38,-0.63277334,0.63277334,-35.50645575,0.644935442,4.95E-06
ger jej / young jej,P01831,Thy1,Thy-1 membrane glycoprotein,THY1_MOUSE,3,-0.660652041,0.660652041,-36.74076745,0.632592326,5.30E-06
ger jej / young jej,Q9ET30,Tm9sf3,Transmembrane 9 superfamily member 3,TM9S3_MOUSE,19,-0.73801899,0.73801899,-40.04379349,0.599562065,5.93E-06
ger jej / young jej,P11032,Gzma,Granzyme A,GRAA_MOUSE,18,-0.7973032,0.7973032,-42.45761993,0.575423801,9.88E-06
ger jej / young jej,Q99PG0,Aadac,Arylacetamide deacetylase,AAAD_MOUSE,23,0.926974118,0.926974118,90.12840927,1.901284093,1.06E-05
ger jej / young jej,Q91YJ3,Thyn1,Thymocyte nuclear protein 1,THYN1_MOUSE,9,0.782898188,0.782898188,72.05838337,1.720583834,1.11E-05
ger jej / young jej,Q91YR9,Ptgr1,Prostaglandin reductase 1,PTGR1_MOUSE,15,0.599287212,0.599287212,51.49678858,1.514967886,1.31E-05
ger jej / young jej,Q9D0F9,Pgm1,Phosphoglucomutase-1,PGM1_MOUSE,19,0.809092224,0.809092224,75.21086293,1.752108629,1.57E-05
ger jej / young jej,Q8C522,Endod1,Endonuclease domain-containing 1 protein,ENDD1_MOUSE,8,-0.694633782,0.694633782,-38.21338603,0.61786614,1.68E-05
ger jej / young jej,CON__P35527,NaN,NaN,CON__P35527,31,0.744708896,0.744708896,67.56361285,1.675636128,1.70E-05
ger jej / young jej,O54962,Banf1,Barrier-to-autointegration factor,BAF_MOUSE,15,0.910481155,0.910481155,87.96722856,1.879672286,1.87E-05
ger jej / young jej,Q6T3U4,Npc1l1,Niemann-Pick C1-like protein 1,NPCL1_MOUSE,30,-0.749350965,0.749350965,-40.5128884,0.594871116,2.14E-05
ger jej / young jej,O89053,Coro1a,Coronin-1A,COR1A_MOUSE,14,-0.800940037,0.800940037,-42.60249372,0.573975063,3.75E-05
ger jej / young jej,O08547,Sec22b,Vesicle-trafficking protein SEC22b,SC22B_MOUSE,18,-0.613098383,0.613098383,-34.62089118,0.653791088,3.84E-05
ger jej / young jej,P10126,Eef1a1,Elongation factor 1-alpha 1,EF1A1_MOUSE,21,0.607470751,0.607470751,52.3585804,1.523585804,4.30E-05
ger jej / young jej,Q78IS1,Tmed3,Transmembrane emp24 domain-containing protein 3,TMED3_MOUSE,8,-0.806425631,0.806425631,-42.82032326,0.571796767,4.98E-05
ger jej / young jej,O88593,Pglyrp1,Peptidoglycan recognition protein 1,PGRP1_MOUSE,6,-1.142058372,1.142058372,-54.68873645,0.453112635,5.60E-05
ger jej / young jej,P15532,Nme1,Nucleoside diphosphate kinase A,NDKA_MOUSE,7,1.179334641,1.179334641,126.4723057,2.264723057,6.70E-05
ger jej / young jej,Q7M758,Naaladl1,N-acetylated-alpha-linked acidic dipeptidase-like protein,NALDL_MOUSE,31,-0.854033947,0.854033947,-44.67643414,0.553235659,6.86E-05
ger jej / young jej,Q60953,Pml,Protein PML,PML_MOUSE,16,-0.72763437,0.72763437,-39.61066758,0.603893324,7.05E-05
ger jej / young jej,P58021,Tm9sf2,Transmembrane 9 superfamily member 2,TM9S2_MOUSE,21,-0.639576256,0.639576256,-35.80985417,0.641901458,7.75E-05
ger jej / young jej,Q9WVA4,Tagln2,Transgelin-2,TAGL2_MOUSE,24,0.644058108,0.644058108,56.27187017,1.562718702,8.57E-05
ger jej / young jej,P07607,Tyms,Thymidylate synthase,TYSY_MOUSE,10,0.887601495,0.887601495,85.00977464,1.850097746,8.89E-05
ger jej / young jej,O09049,Reg3g,Regenerating islet-derived protein 3-gamma,REG3G_MOUSE,7,-1.333782911,1.333782911,-60.32733857,0.396726614,0.000115285
ger jej / young jej,Q80ZK0,Mrps10,"28S ribosomal protein S10, mitochondrial",RT10_MOUSE,9,0.84437269,0.84437269,79.54838667,1.795483867,0.000116137
ger jej / young jej,Q64176,Ces1e,Carboxylesterase 1E,EST1E_MOUSE,16,1.208965063,1.208965063,131.1717431,2.311717431,0.000117398
ger jej / young jej,Q9DAW9,Cnn3,Calponin-3,CNN3_MOUSE,14,0.585707247,0.585707247,50.07745283,1.500774528,0.000123712
ger jej / young jej,Q91VX2,Ubap2,Ubiquitin-associated protein 2,UBAP2_MOUSE,19,0.711319208,0.711319208,63.73005893,1.637300589,0.000129594
ger jej / young jej,O88543,Cops3,COP9 signalosome complex subunit 3,CSN3_MOUSE,10,0.647534132,0.647534132,56.64884495,1.566488449,0.000143925
ger jej / young jej,Q9DBW0,Cyp4v2,Cytochrome P450 4V2,CP4V2_MOUSE,23,-1.192672968,1.192672968,-56.25084576,0.437491542,0.000144831
ger jej / young jej,Q9WUU7,Ctsz,Cathepsin Z,CATZ_MOUSE,13,0.74559629,0.74559629,67.66671203,1.67666712,0.000168209
ger jej / young jej,Q64444,Ca4,Carbonic anhydrase 4,CAH4_MOUSE,9,0.973563075,0.973563075,96.36843922,1.963684392,0.000170556
ger jej / young jej,Q9JJA4,Wdr12,Ribosome biogenesis protein WDR12,WDR12_MOUSE,17,0.587182403,0.587182403,50.23098548,1.502309855,0.000178888
ger jej / young jej,P61971,Nutf2,Nuclear transport factor 2,NTF2_MOUSE,5,0.71153456,0.71153456,63.7545008,1.637545008,0.000183822
ger jej / young jej,Q9CQ40,Mrpl49,"39S ribosomal protein L49, mitochondrial",RM49_MOUSE,9,0.617948472,0.617948472,53.46912818,1.534691282,0.000224436
ger jej / young jej,Q8BWY3,Etf1,Eukaryotic peptide chain release factor subunit 1,ERF1_MOUSE,19,0.619954944,0.619954944,53.68271844,1.536827184,0.000230985
ger jej / young jej,Q9R1P0,Psma4,Proteasome subunit alpha type-4,PSA4_MOUSE,14,0.706404626,0.706404626,63.17325674,1.631732567,0.000249479
ger jej / young jej,Q8CAY6,Acat2,"Acetyl-CoA acetyltransferase, cytosolic",THIC_MOUSE,13,0.600498974,0.600498974,51.62408869,1.516240887,0.000264549
ger jej / young jej,P26645,Marcks,Myristoylated alanine-rich C-kinase substrate,MARCS_MOUSE,21,0.675387561,0.675387561,59.70257354,1.597025735,0.00030765
ger jej / young jej,P59759,Mkl2,MKL/myocardin-like protein 2,MKL2_MOUSE,13,0.66299051,0.66299051,58.33613169,1.583361317,0.000370662
ger jej / young jej,Q61334,Bcap29,B-cell receptor-associated protein 29,BAP29_MOUSE,8,0.745508015,0.745508015,67.65645329,1.676564533,0.000381461
ger jej / young jej,P01592,Jchain,Immunoglobulin J chain,IGJ_MOUSE,7,0.896779299,0.896779299,86.19047866,1.861904787,0.000497149
ger jej / young jej,P02301;P84244,H3f3c;H3f3a,Histone H3.3C;Histone H3.3,H3C_MOUSE;H33_MOUSE,1,-1.248255014,1.248255014,-57.90429392,0.420957061,0.000570872
ger jej / young jej,Q64152,Btf3,Transcription factor BTF3,BTF3_MOUSE,12,0.626941085,0.626941085,54.42872011,1.544287201,0.000601073
ger jej / young jej,P37804,Tagln,Transgelin,TAGL_MOUSE,18,1.016415715,1.016415715,102.2886976,2.022886976,0.000666438
ger jej / young jej,Q8C0N2,Agpat9,Glycerol-3-phosphate acyltransferase 3,GPAT3_MOUSE,17,-1.212516546,1.212516546,-56.84847492,0.431515251,0.000676119
ger jej / young jej,Q9DB15,Mrpl12,"39S ribosomal protein L12, mitochondrial",RM12_MOUSE,11,0.785820723,0.785820723,72.40728337,1.724072834,0.000676606
ger jej / young jej,Q9EPB4,Pycard,Apoptosis-associated speck-like protein containing a CARD,ASC_MOUSE,19,0.667821586,0.667821586,58.86723216,1.588672322,0.000677184
ger jej / young jej,Q80W94,Mogat2,2-acylglycerol O-acyltransferase 2,MOGT2_MOUSE,14,-1.077453852,1.077453852,-52.6135612,0.473864388,0.000709837
ger jej / young jej,Q8BVE8,Whsc1,Histone-lysine N-methyltransferase NSD2,NSD2_MOUSE,11,0.691780269,0.691780269,61.52755206,1.615275521,0.000737897
ger jej / young jej,Q99JT9,Adi1,"1,2-dihydroxy-3-keto-5-methylthiopentene dioxygenase",MTND_MOUSE,5,0.899801552,0.899801552,86.58093169,1.865809317,0.000763904
ger jej / young jej,Q9CQR6,Ppp6c,Serine/threonine-protein phosphatase 6 catalytic subunit,PPP6_MOUSE,11,0.588818729,0.588818729,50.40147638,1.504014764,0.000770288
ger jej / young jej,P02088,Hbb-b1,Hemoglobin subunit beta-1,HBB1_MOUSE,13,1.34843564,1.34843564,154.635866,2.54635866,0.000821049
ger jej / young jej,Q6J9G1,Styk1,Tyrosine-protein kinase STYK1,STYK1_MOUSE,7,-0.617014647,0.617014647,-34.79812518,0.652018748,0.0008975
ger jej / young jej,Q9D6S7,Mrrf,"Ribosome-recycling factor, mitochondrial",RRFM_MOUSE,7,0.743634462,0.743634462,67.43886791,1.674388679,0.000898218
ger jej / young jej,Q61847,Mep1b,Meprin A subunit beta,MEP1B_MOUSE,28,-0.806072593,0.806072593,-42.80632925,0.571936707,0.000939962
ger jej / young jej,O89086,Rbm3,RNA-binding protein 3,RBM3_MOUSE,10,0.66819346,0.66819346,58.90818753,1.589081875,0.001035236
ger jej / young jej,Q8VCR7,Abhd14b,Alpha/beta hydrolase domain-containing protein 14B,ABHEB_MOUSE,11,0.613312364,0.613312364,52.9767458,1.529767458,0.001059228
ger jej / young jej,P17879,Hspa1b,Heat shock 70 kDa protein 1B,HS71B_MOUSE,24,-0.989667714,0.989667714,-49.64062489,0.503593751,0.001066113
ger jej / young jej,Q9R0P4,Smap,Small acidic protein,SMAP_MOUSE,5,0.675963342,0.675963342,59.76632369,1.597663237,0.001085586
ger jej / young jej,P58389,Ppp2r4,Serine/threonine-protein phosphatase 2A activator,PTPA_MOUSE,9,0.740019143,0.740019143,67.0198,1.670198,0.001151499
ger jej / young jej,P39749,Fen1,Flap endonuclease 1,FEN1_MOUSE,12,0.60589397,0.60589397,52.19215235,1.521921524,0.001167681
ger jej / young jej,Q9CQU3,Rer1,Protein RER1,RER1_MOUSE,3,-0.969251692,0.969251692,-48.92290754,0.510770925,0.001388874
ger jej / young jej,Q8CHP5,Wibg,Partner of Y14 and mago,WIBG_MOUSE,10,0.763708174,0.763708174,69.78490203,1.69784902,0.001412809
ger jej / young jej,Q4VAA2,Cdv3,Protein CDV3,CDV3_MOUSE,16,0.58700043,0.58700043,50.21203743,1.502120374,0.001506508
ger jej / young jej,Q8K023,Akr1c18,Aldo-keto reductase family 1 member C18,AKC1H_MOUSE,2,1.167387724,1.167387724,124.6046387,2.246046387,0.001534881
ger jej / young jej,Q31125,Slc39a7,Zinc transporter SLC39A7,S39A7_MOUSE,1,-0.580093622,0.580093622,-33.10796329,0.668920367,0.001550619
ger jej / young jej,Q9DB20,Atp5o,"ATP synthase subunit O, mitochondrial",ATPO_MOUSE,20,0.820218742,0.820218742,76.56736843,1.765673684,0.00159664
ger jej / young jej,CON__P15636,NaN,NaN,CON__P15636,19,0.585463643,0.585463643,50.05211386,1.500521139,0.00159687
ger jej / young jej,Q9CZX8,Rps19,40S ribosomal protein S19,RS19_MOUSE,17,0.859782279,0.859782279,81.47644184,1.814764418,0.001644175
ger jej / young jej,Q9DB27,Mcts1,Malignant T-cell-amplified sequence 1,MCTS1_MOUSE,8,0.783077896,0.783077896,72.079817,1.72079817,0.001835856
ger jej / young jej,P28651,Ca8,Carbonic anhydrase-related protein,CAH8_MOUSE,4,-0.914845943,0.914845943,-46.95994941,0.530400506,0.001849036
ger jej / young jej,Q9DCT1,Akr1e2,"1,5-anhydro-D-fructose reductase",AKCL2_MOUSE,7,0.625840724,0.625840724,54.31098032,1.543109803,0.002000775
ger jej / young jej,P97872,Fmo5,Dimethylaniline monooxygenase [N-oxide-forming] 5,FMO5_MOUSE,28,-0.819401622,0.819401622,-43.33230688,0.566676931,0.002011749
ger jej / young jej,Q64374,Rgn,Regucalcin,RGN_MOUSE,8,1.157286167,1.157286167,123.0374802,2.230374802,0.00231351
ger jej / young jej,Q9CYH2,Fam213a,Redox-regulatory protein FAM213A,F213A_MOUSE,17,-0.683873057,0.683873057,-37.75081117,0.622491888,0.002488924
ger jej / young jej,P31428,Dpep1,Dipeptidase 1,DPEP1_MOUSE,20,-0.860544801,0.860544801,-44.92554574,0.550744543,0.00255385
ger jej / young jej,Q80SZ7,Gng5,Guanine nucleotide-binding protein G(I)/G(S)/G(O) subunit gamma-5,GBG5_MOUSE,5,0.849775493,0.849775493,80.22204485,1.802220449,0.002584777
ger jej / young jej,Q9JMG2,C1galt1c1,C1GALT1-specific chaperone 1,C1GLC_MOUSE,9,-0.703790665,0.703790665,-38.60430792,0.613956921,0.002823306
ger jej / young jej,Q62426,Cstb,Cystatin-B,CYTB_MOUSE,7,0.60419631,0.60419631,52.01316893,1.520131689,0.003122448
ger jej / young jej,Q7TNT2,Far2,Fatty acyl-CoA reductase 2,FACR2_MOUSE,8,0.582922518,0.582922518,49.78804867,1.497880487,0.003164053
ger jej / young jej,Q45VN2,Defa20,Alpha-defensin 20,DFA20_MOUSE,9,-1.046571136,1.046571136,-51.58825962,0.484117404,0.003182574
ger jej / young jej,Q9JIP7,Slc15a1,Solute carrier family 15 member 1,S15A1_MOUSE,18,-1.207107186,1.207107186,-56.68637532,0.433136247,0.003212488
ger jej / young jej,Q8C102,Galnt5,Polypeptide N-acetylgalactosaminyltransferase 5,GALT5_MOUSE,11,-1.203477621,1.203477621,-56.57726873,0.434227313,0.003295007
ger jej / young jej,Q8BH58,Tiprl,TIP41-like protein,TIPRL_MOUSE,9,0.650215268,0.650215268,56.94023528,1.569402353,0.003393457
ger jej / young jej,Q9JHS3,Lamtor2,Ragulator complex protein LAMTOR2,LTOR2_MOUSE,5,0.728913486,0.728913486,65.73904174,1.657390417,0.003544229
ger jej / young jej,P22361,Hnf1a,Hepatocyte nuclear factor 1-alpha,HNF1A_MOUSE,7,0.792951822,0.792951822,73.26158524,1.732615852,0.003580691
ger jej / young jej,Q9CXU9,Eif1b,Eukaryotic translation initiation factor 1b,EIF1B_MOUSE,7,0.872887194,0.872887194,83.13241741,1.831324174,0.00360763
ger jej / young jej,Q8R1H0,Hopx,Homeodomain-only protein,HOP_MOUSE,4,0.653215647,0.653215647,57.26696414,1.572669641,0.003881079
ger jej / young jej,Q9CY18,Snx7,Sorting nexin-7,SNX7_MOUSE,10,0.841949403,0.841949403,79.24705344,1.792470534,0.004499561
ger jej / young jej,P48756,Gip,Gastric inhibitory polypeptide,GIP_MOUSE,9,0.94869113,0.94869113,93.0120781,1.930120781,0.004742266
ger jej / young jej,Q9WV85,Nme3,Nucleoside diphosphate kinase 3,NDK3_MOUSE,6,-0.600996912,0.600996912,-34.07017814,0.659298219,0.004806003
ger jej / young jej,P54276,Msh6,DNA mismatch repair protein Msh6,MSH6_MOUSE,25,0.596856952,0.596856952,51.24180283,1.512418028,0.005177292
ger jej / young jej,O88428,Papss2,Bifunctional 3'-phosphoadenosine 5'-phosphosulfate synthase 2,PAPS2_MOUSE,38,1.36095047,1.36095047,156.8543434,2.568543434,0.005206352
ger jej / young jej,Q8K0D2,Habp2,Hyaluronan-binding protein 2,HABP2_MOUSE,8,-0.624693871,0.624693871,-35.14426181,0.648557382,0.005238281
ger jej / young jej,Q3TRM4,Pnpla6,Neuropathy target esterase,PLPL6_MOUSE,21,-0.656056821,0.656056821,-36.5389552,0.634610448,0.005252349
ger jej / young jej,Q9R1K9,Cetn2,Centrin-2,CETN2_MOUSE,3,0.947560012,0.947560012,92.86080999,1.9286081,0.005774201
ger jej / young jej,P84228,Hist1h3b,Histone H3.2,H32_MOUSE,3,-0.953553081,0.953553081,-48.36407988,0.516359201,0.00596258
ger jej / young jej,P99028,Uqcrh,"Cytochrome b-c1 complex subunit 6, mitochondrial",QCR6_MOUSE,10,0.695031822,0.695031822,61.89201415,1.618920141,0.005999828
ger jej / young jej,Q9WTX5,Skp1,S-phase kinase-associated protein 1,SKP1_MOUSE,13,0.906316102,0.906316102,87.42535069,1.874253507,0.006280724
ger jej / young jej,Q91WC9,Daglb,Sn1-specific diacylglycerol lipase beta,DGLB_MOUSE,3,0.692383468,0.692383468,61.59510177,1.615951018,0.006744127
ger jej / young jej,P62305,Snrpe,Small nuclear ribonucleoprotein E,RUXE_MOUSE,6,-1.312431693,1.312431693,-59.73583537,0.402641646,0.006867993
ger jej / young jej,Q91VA1,Slc44a4,Choline transporter-like protein 4,CTL4_MOUSE,7,-0.788294673,0.788294673,-42.09718765,0.579028124,0.007288247
ger jej / young jej,Q8CIV8,Tbce,Tubulin-specific chaperone E,TBCE_MOUSE,4,0.691263378,0.691263378,61.46969003,1.6146969,0.007553689
ger jej / young jej,Q9JHE3,Asah2,Neutral ceramidase,ASAH2_MOUSE,16,-1.191425562,1.191425562,-56.21300231,0.437869977,0.007770966
ger jej / young jej,Q4QQM4,Trp53i11,Tumor protein p53-inducible protein 11,P5I11_MOUSE,3,-1.054016948,1.054016948,-51.83747108,0.481625289,0.008036313
ger jej / young jej,Q9CVD2,Atxn3,Ataxin-3,ATX3_MOUSE,5,0.654452085,0.654452085,57.40180505,1.574018051,0.008314126
ger jej / young jej,Q63886,Ugt1a1,UDP-glucuronosyltransferase 1-1,UD11_MOUSE,10,0.733876407,0.733876407,66.3101716,1.663101716,0.008340004
ger jej / young jej,Q08369,Gata4,Transcription factor GATA-4,GATA4_MOUSE,9,1.391536832,1.391536832,162.358009,2.62358009,0.008416879
ger jej / young jej,Q920E5,Fdps,Farnesyl pyrophosphate synthase,FPPS_MOUSE,15,0.810894549,0.810894549,75.42988656,1.754298866,0.009210537
ger jej / young jej,Q3TP92,Ctdnep1,CTD nuclear envelope phosphatase 1,CNEP1_MOUSE,2,-0.823840082,0.823840082,-43.50637747,0.564936225,0.00929363
ger jej / young jej,Q9CR76,Tmem186,Transmembrane protein 186,TM186_MOUSE,7,-1.532904625,1.532904625,-65.44191031,0.345580897,0.009366943
ger jej / young jej,Q9D9V3,Echdc1,Ethylmalonyl-CoA decarboxylase,ECHD1_MOUSE,13,0.694769323,0.694769323,61.86256052,1.618625605,0.009522847
ger jej / young jej,Q80YW5,Bspry,B box and SPRY domain-containing protein,BSPRY_MOUSE,11,-0.982326329,0.982326329,-49.38371002,0.5061629,0.009553957
ger jej / young jej,Q6PFR5,Tra2a,Transformer-2 protein homolog alpha,TRA2A_MOUSE,7,-0.813691676,0.813691676,-43.10758119,0.568924188,0.010198423
ger jej / young jej,O88851,Rbbp9,Putative hydrolase RBBP9,RBBP9_MOUSE,6,0.756449699,0.756449699,68.93282697,1.68932827,0.010239512
ger jej / young jej,P24452,Capg,Macrophage-capping protein,CAPG_MOUSE,3,0.880439341,0.880439341,84.09358324,1.840935832,0.010635983
ger jej / young jej,Q99PE8,Abcg5,ATP-binding cassette sub-family G member 5,ABCG5_MOUSE,15,-0.833286762,0.833286762,-43.87508587,0.561249141,0.01080483
ger jej / young jej,Q9D415,Dlgap1,Disks large-associated protein 1,DLGP1_MOUSE,1,2.04105854,2.04105854,311.5473822,4.115473822,0.012079232
ger jej / young jej,P46412,Gpx3,Glutathione peroxidase 3,GPX3_MOUSE,4,-1.227823734,1.227823734,-57.30389807,0.426961019,0.012168705
ger jej / young jej,Q9JM96,Cdc42ep4,Cdc42 effector protein 4,BORG4_MOUSE,3,0.68332994,0.68332994,60.58419865,1.605841986,0.012171427
ger jej / young jej,P84099,Rpl19,60S ribosomal protein L19,RL19_MOUSE,13,0.802646101,0.802646101,74.42974752,1.744297475,0.012752639
ger jej / young jej,Q7TQ65,Tmc4,Transmembrane channel-like protein 4,TMC4_MOUSE,6,-0.73276484,0.73276484,-39.82504096,0.60174959,0.012893151
ger jej / young jej,Q9D8V7,Sec11c,Signal peptidase complex catalytic subunit SEC11C,SC11C_MOUSE,9,-0.735829294,0.735829294,-39.95272398,0.60047276,0.01293432
ger jej / young jej,P45591,Cfl2,Cofilin-2,COF2_MOUSE,5,0.644393623,0.644393623,56.30821713,1.563082171,0.013006135
ger jej / young jej,Q9R111,Gda,Guanine deaminase,GUAD_MOUSE,29,-0.612967849,0.612967849,-34.61497545,0.653850246,0.013566263
ger jej / young jej,Q3UZZ4,Olfm4,Olfactomedin-4,OLFM4_MOUSE,12,-0.654565215,0.654565215,-36.47330872,0.635266913,0.013662058
ger jej / young jej,Q8CJ61,Cmtm4,CKLF-like MARVEL transmembrane domain-containing protein 4,CKLF4_MOUSE,3,-0.748915792,0.748915792,-40.49494204,0.59505058,0.013905395
ger jej / young jej,P48410,Abcd1,ATP-binding cassette sub-family D member 1,ABCD1_MOUSE,18,-0.725400686,0.725400686,-39.51709606,0.604829039,0.013980922
ger jej / young jej,Q9CQN7,Mrpl41,"39S ribosomal protein L41, mitochondrial",RM41_MOUSE,6,0.706453383,0.706453383,63.17877136,1.631787714,0.014144274
ger jej / young jej,O08738,Casp6,Caspase-6,CASP6_MOUSE,20,0.605314195,0.605314195,52.13100334,1.521310033,0.014711416
ger jej / young jej,P35762,Cd81,CD81 antigen,CD81_MOUSE,3,1.073048472,1.073048472,110.3874244,2.103874244,0.015084294
ger jej / young jej,P58802,Tbc1d10a,TBC1 domain family member 10A,TB10A_MOUSE,1,-0.752652287,0.752652287,-40.64885727,0.593511427,0.015638204
ger jej / young jej,Q60648,Gm2a,Ganglioside GM2 activator,SAP3_MOUSE,5,0.582524538,0.582524538,49.74673401,1.49746734,0.016660645
ger jej / young jej,Q9CQW9,Ifitm3,Interferon-induced transmembrane protein 3,IFM3_MOUSE,2,0.694351435,0.694351435,61.81568252,1.618156825,0.017411463
ger jej / young jej,Q9WU84,Ccs,Copper chaperone for superoxide dismutase,CCS_MOUSE,7,0.597575247,0.597575247,51.31712253,1.513171225,0.018764325
ger jej / young jej,Q8C1E7,Tmem120a,Transmembrane protein 120A,T120A_MOUSE,12,-0.66159147,0.66159147,-36.78194608,0.632180539,0.019278003
ger jej / young jej,P01837,NaN,Ig kappa chain C region,IGKC_MOUSE,9,0.700849354,0.700849354,62.5461465,1.625461465,0.019509506
ger jej / young jej,P04184,Tk1,"Thymidine kinase, cytosolic",KITH_MOUSE,6,0.763368547,0.763368547,69.74493738,1.697449374,0.020321336
ger jej / young jej,P59326,Ythdf1,YTH domain-containing family protein 1,YTHD1_MOUSE,4,0.59589988,0.59589988,51.14150356,1.511415036,0.02060066
ger jej / young jej,P10630,Eif4a2,Eukaryotic initiation factor 4A-II,IF4A2_MOUSE,4,-0.843408942,0.843408942,-44.26748908,0.557325109,0.021583215
ger jej / young jej,Q8K353,Cystm1,Cysteine-rich and transmembrane domain-containing protein 1,CYTM1_MOUSE,2,-1.013649821,1.013649821,-50.47083588,0.495291641,0.021813139
ger jej / young jej,Q9JI48,Plac8,Placenta-specific gene 8 protein,PLAC8_MOUSE,3,-0.669906795,0.669906795,-37.14527069,0.628547293,0.022445045
ger jej / young jej,Q8VD57,Sft2d2,Vesicle transport protein SFT2B,SFT2B_MOUSE,2,-1.019032598,1.019032598,-50.65528766,0.493447123,0.022450328
ger jej / young jej,P01942,Hba,Hemoglobin subunit alpha,HBA_MOUSE,7,1.056348205,1.056348205,107.9660751,2.079660751,0.022865896
ger jej / young jej,Q61133,Gstt2,Glutathione S-transferase theta-2,GSTT2_MOUSE,6,0.717888832,0.717888832,64.47733933,1.644773393,0.022916506
ger jej / young jej,Q91YL2,Rnf126,E3 ubiquitin-protein ligase RNF126,RN126_MOUSE,3,0.980649948,0.980649948,97.3354224,1.973354224,0.023406412
ger jej / young jej,P51949,Mnat1,CDK-activating kinase assembly factor MAT1,MAT1_MOUSE,5,0.76580888,0.76580888,70.03230565,1.700323057,0.023701208
ger jej / young jej,Q9DCL4,Mettl15,Probable methyltransferase-like protein 15,MET15_MOUSE,4,0.591499984,0.591499984,50.68125812,1.506812581,0.023889707
ger jej / young jej,Q9WTU6,Mapk9,Mitogen-activated protein kinase 9,MK09_MOUSE,3,1.443269253,1.443269253,171.9363956,2.719363956,0.024107575
ger jej / young jej,Q8CHK3,Mboat7,Lysophospholipid acyltransferase 7,MBOA7_MOUSE,4,-1.476877332,1.476877332,-64.07344098,0.35926559,0.024137753
ger jej / young jej,P23249,Mov10,Putative helicase MOV-10,MOV10_MOUSE,21,-0.698900402,0.698900402,-38.39584355,0.616041565,0.024399995
ger jej / young jej,O89016,Abcd4,ATP-binding cassette sub-family D member 4,ABCD4_MOUSE,5,-1.154328942,1.154328942,-55.07248855,0.449275114,0.025436078
ger jej / young jej,Q2KHK6,Gsdmc2,Gasdermin-C2,GSDC2_MOUSE,9,-0.604823112,0.604823112,-34.2448003,0.657551997,0.025838973
ger jej / young jej,P11034,Mcpt1,Mast cell protease 1,MCPT1_MOUSE,6,1.800593019,1.800593019,248.3633904,3.483633904,0.026095761
ger jej / young jej,Q9DBC0,Selo,Selenoprotein O,SELO_MOUSE,8,0.613414824,0.613414824,52.98761062,1.529876106,0.0262797
ger jej / young jej,Q9D1Q4,Dpm3,Dolichol-phosphate mannosyltransferase subunit 3,DPM3_MOUSE,2,-1.208150029,1.208150029,-56.71767299,0.43282327,0.026373101
ger jej / young jej,Q9DBP0,Slc34a2,Sodium-dependent phosphate transport protein 2B,NPT2B_MOUSE,9,-0.646876276,0.646876276,-36.13383516,0.638661648,0.026953721
ger jej / young jej,Q9CPP6,Ndufa5,NADH dehydrogenase [ubiquinone] 1 alpha subcomplex subunit 5,NDUA5_MOUSE,10,0.818412125,0.818412125,76.34640009,1.763464001,0.027039429
ger jej / young jej,Q80WW9,Ddrgk1,DDRGK domain-containing protein 1,DDRGK_MOUSE,10,-0.831185758,0.831185758,-43.79329132,0.562067087,0.027118434
ger jej / young jej,Q8K039,NaN,Uncharacterized protein KIAA1143 homolog,K1143_MOUSE,2,0.769974113,0.769974113,70.52391847,1.705239185,0.027275525
ger jej / young jej,P97478,Coq7,"5-demethoxyubiquinone hydroxylase, mitochondrial",COQ7_MOUSE,8,0.592849731,0.592849731,50.82229747,1.508222975,0.027499553
ger jej / young jej,Q9CQ75,Ndufa2,NADH dehydrogenase [ubiquinone] 1 alpha subcomplex subunit 2,NDUA2_MOUSE,7,0.74635452,0.74635452,67.75485502,1.67754855,0.027889011
ger jej / young jej,Q8R1I1,Uqcr10,Cytochrome b-c1 complex subunit 9,QCR9_MOUSE,4,-0.883060992,0.883060992,-45.77842189,0.542215781,0.02794464
ger jej / young jej,Q61414,Krt15,"Keratin, type I cytoskeletal 15",K1C15_MOUSE,3,1.057062507,1.057062507,108.069068,2.08069068,0.028455719
ger jej / young jej,P70380,Il18,Interleukin-18,IL18_MOUSE,5,0.584582508,0.584582508,49.96049653,1.499604965,0.028485769
ger jej / young jej,Q8VCC2,Ces1,Liver carboxylesterase 1,EST1_MOUSE,17,0.911939323,0.911939323,88.15730779,1.881573078,0.028550841
ger jej / young jej,P54310,Lipe,Hormone-sensitive lipase,LIPS_MOUSE,13,-0.675951779,0.675951779,-37.40808501,0.62591915,0.030828018
ger jej / young jej,Q8K301,Ddx52,Probable ATP-dependent RNA helicase DDX52,DDX52_MOUSE,7,0.899834991,0.899834991,86.58525624,1.865852562,0.031053328
ger jej / young jej,P29477,Nos2,"Nitric oxide synthase, inducible",NOS2_MOUSE,10,-1.208072186,1.208072186,-56.71533753,0.432846625,0.03122924
ger jej / young jej,Q9DBZ5,Eif3k,Eukaryotic translation initiation factor 3 subunit K,EIF3K_MOUSE,8,0.736758053,0.736758053,66.64269233,1.666426923,0.03192005
ger jej / young jej,Q9JJX6,P2rx4,P2X purinoceptor 4,P2RX4_MOUSE,7,-1.046265483,1.046265483,-51.57800191,0.484219981,0.032409847
ger jej / young jej,Q8K2H2,Otud6b,OTU domain-containing protein 6B,OTU6B_MOUSE,3,0.646155953,0.646155953,56.4992728,1.564992728,0.033577552
ger jej / young jej,Q61205,Pafah1b3,Platelet-activating factor acetylhydrolase IB subunit gamma,PA1B3_MOUSE,14,-0.580635428,0.580635428,-33.13307998,0.6686692,0.033922876
ger jej / young jej,Q9CPW4,Arpc5,Actin-related protein 2/3 complex subunit 5,ARPC5_MOUSE,11,0.71012795,0.71012795,63.59491997,1.6359492,0.033922876
ger jej / young jej,Q8CJ00,Noxa1,NADPH oxidase activator 1,NOXA1_MOUSE,2,0.987585187,0.987585187,98.28632538,1.982863254,0.034281865
ger jej / young jej,CON__Q86YZ3,NaN,NaN,CON__Q86YZ3,3,-0.871026695,0.871026695,-45.32423882,0.546757612,0.034433629
ger jej / young jej,Q9R062,Gyg1,Glycogenin-1,GLYG_MOUSE,6,0.689203918,0.689203918,61.23935509,1.612393551,0.035859549
ger jej / young jej,Q9ERY9,ORF11,Probable ergosterol biosynthetic protein 28,ERG28_MOUSE,3,-1.495340705,1.495340705,-64.53029356,0.354697064,0.036945732
ger jej / young jej,Q91X72,Hpx,Hemopexin,HEMO_MOUSE,10,0.82919091,0.82919091,77.66886829,1.776688683,0.038629255
ger jej / young jej,B9EKR1,Ptprz1,Receptor-type tyrosine-protein phosphatase zeta,PRPTZ_MOUSE,2,-0.698279142,0.698279142,-38.3693096,0.616306904,0.039014067
ger jej / young jej,Q3U898,Myeov2,Myeloma-overexpressed gene 2 protein homolog,MYOV2_MOUSE,4,1.074931502,1.074931502,110.6622049,2.106622049,0.039105933
ger jej / young jej,B2RY04,Dock5,Dedicator of cytokinesis protein 5,DOCK5_MOUSE,6,-0.786522686,0.786522686,-42.02602497,0.57973975,0.040733865
ger jej / young jej,O88908,Soat2,Sterol O-acyltransferase 2,SOAT2_MOUSE,12,-0.591638267,0.591638267,-33.64110661,0.663588934,0.040906589
ger jej / young jej,Q6PAV2,Herc4,Probable E3 ubiquitin-protein ligase HERC4,HERC4_MOUSE,13,0.665296733,0.665296733,58.58944263,1.585894426,0.040906589
ger jej / young jej,Q8K2M0,Mrpl38,"39S ribosomal protein L38, mitochondrial",RM38_MOUSE,13,-0.831298888,0.831298888,-43.79769863,0.562023014,0.040989854
ger jej / young jej,Q9CZH3,Psmg3,Proteasome assembly chaperone 3,PSMG3_MOUSE,2,0.712235332,0.712235332,63.8340619,1.638340619,0.041264371
ger jej / young jej,Q9EPK6,Sil1,Nucleotide exchange factor SIL1,SIL1_MOUSE,9,0.960557938,0.960557938,94.60623556,1.946062356,0.041849188
ger jej / young jej,Q7TSS2,Ube2q1,Ubiquitin-conjugating enzyme E2 Q1,UB2Q1_MOUSE,3,0.621531844,0.621531844,53.85078919,1.538507892,0.041992823
ger jej / young jej,Q8C1N8,Defa22,Alpha-defensin 22,DFA22_MOUSE,7,-0.836937547,0.836937547,-44.01693215,0.559830678,0.043714769
ger jej / young jej,Q9DCT6,Bap18,Chromatin complexes subunit BAP18,BAP18_MOUSE,4,0.66906482,0.66906482,59.00419404,1.59004194,0.043747188
ger jej / young jej,Q99LT0,Dpy30,Protein dpy-30 homolog,DPY30_MOUSE,6,1.036365986,1.036365986,105.1054726,2.051054726,0.044067106
ger jej / young jej,P61022,Chp1,Calcineurin B homologous protein 1,CHP1_MOUSE,13,-0.666457951,0.666457951,-36.99483317,0.630051668,0.044626149
ger jej / young jej,Q9D7I5,Lhpp,Phospholysine phosphohistidine inorganic pyrophosphate phosphatase,LHPP_MOUSE,11,0.664187312,0.664187312,58.46753546,1.584675355,0.045738683
ger jej / young jej,Q9R1Z7,Pts,6-pyruvoyl tetrahydrobiopterin synthase,PTPS_MOUSE,8,0.589686573,0.589686573,50.4919766,1.504919766,0.046190663
ger jej / young jej,P01844,Iglc2,Ig lambda-2 chain C region,LAC2_MOUSE,5,-1.276640058,1.276640058,-58.72443289,0.412755671,0.046286709
ger jej / young jej,Q8BXK9,Clic5,Chloride intracellular channel protein 5,CLIC5_MOUSE,18,-0.770062864,0.770062864,-41.36080773,0.586391923,0.04631965
ger jej / young jej,Q62393,Tpd52,Tumor protein D52,TPD52_MOUSE,13,0.636542737,0.636542737,55.45992631,1.554599263,0.046754234
ger jej / young jej,Q9D6K8,Fundc2,FUN14 domain-containing protein 2,FUND2_MOUSE,4,0.69907558,0.69907558,62.34642095,1.623464209,0.046780447
ger jej / young jej,Q91YT2,Rnf185,E3 ubiquitin-protein ligase RNF185,RN185_MOUSE,2,-0.718072593,0.718072593,-39.20909478,0.607909052,0.047374627
ger jej / young jej,Q8VED8,Mtfr2,Mitochondrial fission regulator 2,MTFR2_MOUSE,1,-0.638950646,0.638950646,-35.78201271,0.642179873,0.047735661
ger jej / young jej,Q80US4,Actr5,Actin-related protein 5,ARP5_MOUSE,7,0.852157712,0.852157712,80.51987842,1.805198784,0.048200563
ger jej / young jej,Q9CXK9,Rbm33,RNA-binding protein 33,RBM33_MOUSE,2,0.685126066,0.685126066,60.78424725,1.607842473,0.048218547
ger jej / young jej,P15626,Gstm2,Glutathione S-transferase Mu 2,GSTM2_MOUSE,15,0.663569927,0.663569927,58.39973559,1.583997356,0.048359024
ger jej / young jej,Q99PG2,Ogfr,Opioid growth factor receptor,OGFR_MOUSE,5,0.721618354,0.721618354,64.90308105,1.64903081,0.048913805
